Function,Hardware Event Count:INST_RETIRED.ANY,Hardware Event Count:CPU_CLK_UNHALTED.THREAD,Hardware Event Count:CPU_CLK_UNHALTED.REF_TSC,Hardware Event Count:TOPDOWN.SLOTS,Hardware Event Count:MEM_INST_RETIRED.ALL_LOADS,Hardware Event Count:MEM_INST_RETIRED.ALL_STORES,Hardware Event Count:DTLB_LOAD_MISSES.STLB_HIT:cmask=1,Hardware Event Count:DTLB_LOAD_MISSES.WALK_ACTIVE,Hardware Event Count:MEM_TRANS_RETIRED.LOAD_LATENCY_GT_4,Hardware Event Count:CPU_CLK_UNHALTED.DISTRIBUTED,Hardware Event Count:CPU_CLK_UNHALTED.THREAD_P,Hardware Event Count:CYCLE_ACTIVITY.CYCLES_MEM_ANY,Hardware Event Count:DTLB_STORE_MISSES.STLB_HIT:cmask=1,Hardware Event Count:DTLB_STORE_MISSES.WALK_ACTIVE,Hardware Event Count:L1D_PEND_MISS.FB_FULL,Hardware Event Count:L1D_PEND_MISS.L2_STALLS,Hardware Event Count:EXE_ACTIVITY.BOUND_ON_LOADS,Hardware Event Count:EXE_ACTIVITY.BOUND_ON_STORES,Hardware Event Count:FRONTEND_RETIRED.LATENCY_GE_4,Hardware Event Count:IDQ_BUBBLES.CORE,Hardware Event Count:L1D_PEND_MISS.PENDING,Hardware Event Count:L2_RQSTS.ALL_RFO,Hardware Event Count:L2_RQSTS.RFO_HIT,Hardware Event Count:LD_BLOCKS.NO_SR,Hardware Event Count:INT_MISC.MBA_STALLS,Hardware Event Count:INT_MISC.UOP_DROPPING,Hardware Event Count:TOPDOWN.BACKEND_BOUND_SLOTS,Hardware Event Count:TOPDOWN.MEMORY_BOUND_SLOTS,Hardware Event Count:LD_BLOCKS.STORE_FORWARD,Hardware Event Count:MEMORY_ACTIVITY.CYCLES_L1D_MISS,Hardware Event Count:MEMORY_ACTIVITY.STALLS_L1D_MISS,Hardware Event Count:MEMORY_ACTIVITY.STALLS_L2_MISS,Hardware Event Count:UOPS_RETIRED.SLOTS,Hardware Event Count:MEMORY_ACTIVITY.STALLS_L3_MISS,Hardware Event Count:MEM_INST_RETIRED.LOCK_LOADS,Hardware Event Count:MEM_INST_RETIRED.SPLIT_LOADS,Hardware Event Count:MEM_INST_RETIRED.SPLIT_STORES,Hardware Event Count:MEM_INST_RETIRED.STLB_MISS_LOADS,Hardware Event Count:MEM_INST_RETIRED.STLB_MISS_STORES,Hardware Event Count:MEM_LOAD_COMPLETED.L1_MISS_ANY,Hardware Event Count:MEM_LOAD_L3_HIT_RETIRED.XSNP_FWD,Hardware Event Count:MEM_LOAD_L3_HIT_RETIRED.XSNP_MISS,Hardware Event Count:MEM_LOAD_L3_HIT_RETIRED.XSNP_NO_FWD,Hardware Event Count:MEM_LOAD_L3_MISS_RETIRED.LOCAL_DRAM,Hardware Event Count:MEM_LOAD_L3_MISS_RETIRED.REMOTE_DRAM,Hardware Event Count:MEM_LOAD_L3_MISS_RETIRED.REMOTE_FWD,Hardware Event Count:MEM_LOAD_L3_MISS_RETIRED.REMOTE_HITM,Hardware Event Count:MEM_LOAD_RETIRED.FB_HIT,Hardware Event Count:MEM_LOAD_RETIRED.L1_HIT,Hardware Event Count:MEM_LOAD_RETIRED.L1_MISS,Hardware Event Count:MEM_LOAD_RETIRED.L2_HIT,Hardware Event Count:MEM_LOAD_RETIRED.L3_HIT,Hardware Event Count:MEM_LOAD_RETIRED.L3_MISS,Hardware Event Count:MEM_STORE_RETIRED.L2_HIT,Hardware Event Count:OFFCORE_REQUESTS_OUTSTANDING.ALL_DATA_RD:cmask=4,Hardware Event Count:OFFCORE_REQUESTS_OUTSTANDING.CYCLES_WITH_DATA_RD,Hardware Event Count:OFFCORE_REQUESTS_OUTSTANDING.CYCLES_WITH_DEMAND_RFO,Hardware Event Count:XQ.FULL_CYCLES,Hardware Event Count:OCR.DEMAND_RFO.L3_HIT.SNOOP_HITM,Hardware Event Count:OCR.DEMAND_DATA_RD.L3_HIT.SNOOP_HIT_WITH_FWD,Hardware Event Count:OCR.STREAMING_WR.ANY_RESPONSE,Hardware Event Count:OCR.DEMAND_DATA_RD.L3_HIT.SNOOP_HITM,Hardware Event Count:Total_Latency_CPU_CLK_UNHALTED.REF_TSC,Hardware Event Count:Total_Latency_TOPDOWN.SLOTS,Hardware Event Count:Total_Latency_CPU_CLK_UNHALTED.THREAD,Hardware Event Count:Total_Latency_INST_RETIRED.ANY,Hardware Event Count:Total_Latency_OFFCORE_REQUESTS_OUTSTANDING.ALL_DATA_RD:cmask=4,Hardware Event Count:Total_Latency_OFFCORE_REQUESTS_OUTSTANDING.CYCLES_WITH_DATA_RD,Hardware Event Count:Total_Latency_XQ.FULL_CYCLES,Hardware Event Count:Total_Latency_MEM_INST_RETIRED.ALL_LOADS,Hardware Event Count:Total_Latency_CPU_CLK_UNHALTED.THREAD_P,Hardware Event Count:Total_Latency_MEM_TRANS_RETIRED.LOAD_LATENCY_GT_4,Hardware Event Count:Total_Latency_CYCLE_ACTIVITY.CYCLES_MEM_ANY,Hardware Event Count:Total_Latency_CPU_CLK_UNHALTED.DISTRIBUTED,Hardware Event Count:Total_Latency_L1D_PEND_MISS.FB_FULL,Hardware Event Count:Total_Latency_EXE_ACTIVITY.BOUND_ON_LOADS,Hardware Event Count:Total_Latency_L1D_PEND_MISS.PENDING,Hardware Event Count:Total_Latency_IDQ_BUBBLES.CORE,Hardware Event Count:Total_Latency_TOPDOWN.BACKEND_BOUND_SLOTS,Hardware Event Count:Total_Latency_MEMORY_ACTIVITY.CYCLES_L1D_MISS,Hardware Event Count:Total_Latency_TOPDOWN.MEMORY_BOUND_SLOTS,Hardware Event Count:Total_Latency_MEMORY_ACTIVITY.STALLS_L1D_MISS,Hardware Event Count:Total_Latency_MEMORY_ACTIVITY.STALLS_L2_MISS,Hardware Event Count:Total_Latency_UOPS_RETIRED.SLOTS,Hardware Event Count:Total_Latency_MEMORY_ACTIVITY.STALLS_L3_MISS,Hardware Event Count:Total_Latency_MEM_LOAD_COMPLETED.L1_MISS_ANY,Hardware Event Count:Total_Latency_MEM_LOAD_RETIRED.L1_MISS,Hardware Event Count:Total_Latency_MEM_LOAD_RETIRED.L2_HIT,Hardware Event Count:Total_Latency_DTLB_LOAD_MISSES.WALK_ACTIVE,Hardware Event Count:Total_Latency_L1D_PEND_MISS.L2_STALLS,Hardware Event Count:Total_Latency_MEM_LOAD_RETIRED.L3_MISS,Hardware Event Count:Total_Latency_MEM_LOAD_L3_MISS_RETIRED.LOCAL_DRAM,Hardware Event Count:Total_Latency_MEM_LOAD_RETIRED.L1_HIT,Hardware Event Count:Total_Latency_MEM_INST_RETIRED.ALL_STORES,Hardware Event Count:Total_Latency_MEM_LOAD_RETIRED.L3_HIT,Hardware Event Count:Total_Latency_MEM_LOAD_RETIRED.FB_HIT,Hardware Event Count:Total_Latency_DTLB_STORE_MISSES.WALK_ACTIVE,Hardware Event Count:Total_Latency_FRONTEND_RETIRED.LATENCY_GE_4,Hardware Event Count:Total_Latency_DTLB_LOAD_MISSES.STLB_HIT:cmask=1,Hardware Event Count:Total_Latency_OFFCORE_REQUESTS_OUTSTANDING.CYCLES_WITH_DEMAND_RFO,Module,Function (Full),Source File,Start Address
work,57210000000,218130000000,105300000000,979450313424,6500168640,24182175,4836435,3583798335,833058828,217633072500,217053043020,216473011800,0,9672870,80911382650,28002205950,153890994405,0,0,31097441150,973258018200,0,0,0,0,0,1173768080535,856023692850,0,212071974250,150941079050,96532647800,98273570280,66354104600,0,0,0,0,0,34047587200,0,0,0,266014595,0,0,0,33856403,1934522000,6790253652,6471053694,38698448,268526760,0,113604804450,130193330600,0,49233584900,0,0,0,0,2100315000000,18844506030240,4374405000000,906705000000,1649953813800,1975872407750,737633238600,127077329625,12072366443550,24048405540,9419671248500,13414757500185,1267450451350,2348409461445,14661887327150,460416236000,17624899117815,3199747751050,13146492679515,2240128112950,1449392245450,1474683909930,991974518550,478358927550,101853804780,95566532880,869378209860,441409557350,2791710640,4174010827,21231378950,261167490,193492240,169282015,91892265,0,0,0,PureScanGATHER,"work(float*, float const*, unsigned long, unsigned long, unsigned long, unsigned int const*, unsigned long&)",[Unknown],0x4ea0
native_sched_clock,105000000,0,15000000,100000032,14509305,0,0,0,0,145088715,0,0,0,0,0,0,0,0,0,193452200,0,0,0,0,0,0,0,0,0,48363050,0,0,0,0,0,0,0,0,0,0,0,0,0,0,0,0,0,0,0,0,0,0,0,0,0,0,0,0,0,0,0,0,0,0,0,240000000,0,0,0,149929485,0,0,0,0,0,0,0,483630500,0,0,0,0,0,0,0,0,0,0,0,0,0,0,0,0,0,0,0,0,0,0,vmlinux,native_sched_clock,[Unknown],0xffffffff8420c4b0
perf_adjust_freq_unthr_context,75000000,510000000,225000000,1250000400,14509305,0,0,14509305,483774,435266145,1063985505,677082700,0,0,0,0,483629775,0,0,338541350,870534900,0,0,0,0,0,1450887615,483629205,0,531993550,773808800,483630500,96725955,0,0,0,0,0,0,0,0,0,0,0,0,0,0,0,0,0,0,4837306,0,0,48363050,290178300,0,0,0,0,0,0,2625000000,32500010400,7755000000,1650000000,241815250,1209076250,0,72546525,25922555940,2418870,20409207100,33225315735,0,1934519100,14122010600,1450891500,7254438075,21569920300,2418146025,15717991250,3482139600,483629775,0,0,0,0,493316370,0,0,0,0,0,24186530,0,0,0,0,0,vmlinux,perf_adjust_freq_unthr_context,[Unknown],0xffffffff83392320
__mod_zone_page_state,45000000,0,0,0,0,0,0,0,0,0,0,0,0,0,0,0,0,0,0,0,0,0,0,0,0,0,0,0,0,0,0,0,0,0,0,0,0,0,0,0,0,0,0,0,0,0,0,0,0,0,0,0,0,0,0,0,0,0,0,0,0,0,0,0,0,0,0,0,0,0,0,0,0,0,0,0,0,0,0,0,0,0,0,0,0,0,0,0,0,0,0,0,0,0,0,0,0,0,0,0,vmlinux,__mod_zone_page_state,[Unknown],0xffffffff833eb1e0
__update_load_avg_se,45000000,15000000,30000000,50000016,0,0,0,0,0,0,0,0,0,0,0,0,0,0,0,48363050,48363050,0,0,0,0,0,0,0,0,0,48363050,0,96725955,0,0,0,0,0,0,0,0,0,0,0,0,0,0,0,0,0,0,0,0,0,0,0,0,0,0,0,0,0,150000000,250000080,75000000,225000000,0,0,0,0,0,0,0,0,0,0,241815250,241815250,0,0,0,241815250,0,483629775,0,0,0,0,0,0,0,0,0,0,0,0,0,0,0,0,vmlinux,__update_load_avg_se,[Unknown],0xffffffff8317f260
__hrtimer_run_queues,30000000,15000000,0,50000016,0,0,0,0,483774,0,0,0,0,0,0,0,0,0,0,0,96726100,0,0,0,0,0,0,0,0,0,0,48363050,0,0,0,0,0,0,0,0,0,0,0,0,0,0,0,0,0,0,0,0,0,0,0,0,0,0,0,0,0,0,0,0,75000000,150000000,0,0,0,0,0,68212134,0,0,0,0,483630500,0,0,0,0,0,241815250,0,0,0,0,0,0,0,0,0,0,0,0,0,0,0,0,0,vmlinux,__hrtimer_run_queues,[Unknown],0xffffffff831ff2e0
__update_load_avg_cfs_rq,30000000,15000000,0,100000032,0,0,0,0,483774,0,0,0,0,0,0,0,0,0,0,48363050,0,0,0,0,0,0,0,0,0,0,0,0,0,0,0,0,0,0,0,0,0,0,0,0,0,0,0,0,0,0,0,0,0,0,0,0,0,0,0,0,0,0,0,1100000352,75000000,150000000,0,0,0,0,0,2418870,0,0,0,0,0,241815250,0,0,0,0,0,0,0,0,0,0,0,0,0,0,0,0,0,0,0,0,0,0,vmlinux,__update_load_avg_cfs_rq,[Unknown],0xffffffff8317f710
acpi_os_read_memory,30000000,225000000,195000000,1150000368,0,0,0,14509305,0,145088715,96725955,241815250,0,4836435,0,0,386903820,0,0,96726100,96726100,0,0,0,0,0,483629205,0,0,145089150,386904400,48363050,0,0,0,0,0,0,0,0,0,0,0,0,0,0,0,0,0,0,0,0,0,0,96726100,193452200,0,0,0,0,0,0,75000000,0,0,0,0,0,0,0,0,0,7786451050,0,0,0,0,0,0,0,0,0,0,0,0,0,0,0,0,0,0,0,0,0,0,0,0,0,0,0,vmlinux,acpi_os_read_memory,[Unknown],0xffffffff839b6ff0
decay_load,30000000,15000000,0,100000032,9672870,0,0,0,0,0,0,0,0,0,0,0,0,0,0,0,0,0,0,0,0,0,0,0,0,0,0,0,0,0,0,0,0,0,0,0,0,0,0,0,0,0,0,0,0,0,0,0,0,0,0,0,0,0,0,0,0,0,0,500000160,75000000,1905000000,0,0,0,701283075,0,0,0,0,0,0,0,0,0,0,0,0,0,0,0,0,0,0,0,0,0,0,0,0,0,0,0,0,0,0,vmlinux,decay_load,[Unknown],0xffffffff83174ea0
sched_clock_noinstr,30000000,0,15000000,0,0,0,0,0,0,0,0,0,0,0,0,0,0,0,0,0,0,0,0,0,0,0,0,0,0,0,0,0,0,0,0,0,0,0,0,0,0,0,0,0,0,0,0,0,0,0,0,0,0,0,0,0,0,0,0,0,0,0,0,0,0,0,0,0,0,0,0,0,0,0,0,0,0,0,0,0,0,0,0,0,0,0,0,0,0,0,0,0,0,0,0,0,0,0,0,0,vmlinux,sched_clock_noinstr,[Unknown],0xffffffff8420c5d0
update_load_avg,30000000,30000000,15000000,250000080,9672870,0,0,0,0,0,0,0,0,0,0,0,0,0,0,0,0,0,0,0,0,0,0,0,0,0,0,0,0,0,0,0,0,0,0,0,0,0,0,0,0,0,0,0,0,0,0,0,0,0,0,0,0,0,0,0,0,0,75000000,1250000400,75000000,75000000,0,0,0,48364350,0,0,0,0,0,0,0,0,0,0,0,0,0,0,0,0,0,0,0,0,0,0,0,0,0,0,0,0,0,0,vmlinux,update_load_avg,[Unknown],0xffffffff83166c80
__alloc_pages,15000000,0,0,0,0,0,0,0,0,0,0,0,0,0,0,0,0,0,0,48363050,0,0,0,0,0,0,0,0,0,0,0,0,0,0,0,0,0,0,0,0,0,0,0,0,0,0,0,0,0,0,0,0,0,0,0,0,0,0,0,0,0,0,0,0,0,0,0,0,0,0,0,0,0,0,0,0,0,0,0,0,0,0,0,0,0,0,0,0,0,0,0,0,0,0,0,0,0,0,0,0,vmlinux,__alloc_pages,[Unknown],0xffffffff83447a50
__calc_delta.constprop.0,15000000,0,0,50000016,4836435,0,0,0,0,0,0,0,0,0,0,0,0,0,0,0,0,0,0,0,0,0,0,0,0,0,0,0,0,0,0,0,0,0,0,0,0,0,0,0,0,0,0,0,0,0,0,0,0,0,0,0,0,0,0,0,0,0,0,250000080,0,75000000,0,0,0,77382960,0,0,0,0,0,0,0,0,0,0,0,0,0,0,0,0,0,0,0,0,0,0,0,0,0,0,0,0,0,0,vmlinux,__calc_delta.constprop.0,[Unknown],0xffffffff8315f3e0
__mod_memcg_lruvec_state,15000000,0,0,0,0,0,0,0,0,0,0,0,0,0,0,0,0,0,0,0,0,0,0,0,0,0,0,0,0,0,0,0,96725955,0,0,0,0,0,0,0,0,0,0,0,0,0,0,0,0,0,0,0,0,0,0,0,0,0,0,0,0,0,0,0,0,0,0,0,0,0,0,0,0,0,0,0,0,0,0,0,0,0,0,0,0,0,0,0,0,0,0,0,0,0,0,0,0,0,0,0,vmlinux,__mod_memcg_lruvec_state,[Unknown],0xffffffff834b2910
__pte_offset_map,15000000,0,0,0,0,0,0,0,0,0,0,0,0,0,0,0,0,0,0,48363050,0,0,0,0,0,0,0,0,0,0,0,0,0,0,0,0,0,0,0,0,0,0,0,0,0,0,0,0,0,0,0,0,0,0,0,0,0,0,0,0,0,0,0,0,0,0,0,0,0,0,0,0,0,0,0,0,0,0,0,0,0,0,0,0,0,0,0,0,0,0,0,0,0,0,0,0,0,0,0,0,vmlinux,__pte_offset_map,[Unknown],0xffffffff8342f900
__raw_spin_lock_irqsave,15000000,15000000,0,0,0,0,0,0,0,0,0,0,0,0,0,0,0,0,0,0,0,0,0,0,0,0,0,0,0,0,0,0,0,0,0,0,0,0,0,0,0,0,0,0,0,0,0,0,0,0,0,0,0,0,0,0,0,0,0,0,0,0,0,0,0,0,0,0,0,0,0,0,0,0,0,0,0,0,0,0,0,0,0,0,0,0,0,0,0,0,0,0,0,0,0,0,0,0,0,0,vmlinux,__raw_spin_lock_irqsave,[Unknown],0xffffffff8319c8a0
_raw_spin_lock_irq,15000000,0,0,0,0,0,0,0,0,0,0,0,0,0,0,0,0,0,0,0,0,0,0,0,0,0,0,0,0,0,0,0,0,0,0,0,0,0,0,0,0,0,0,0,0,0,0,0,0,0,0,0,0,0,0,0,0,0,0,0,0,0,0,0,0,0,0,0,0,0,0,0,0,0,0,0,0,0,0,0,0,0,0,0,0,0,0,0,0,0,0,0,0,0,0,0,0,0,0,0,vmlinux,_raw_spin_lock_irq,[Unknown],0xffffffff842284c0
alloc_pages_mpol,15000000,0,0,0,0,0,0,0,0,0,0,0,0,0,0,0,0,0,0,0,0,0,0,0,0,0,0,0,0,0,0,0,0,0,0,0,0,0,0,0,0,0,0,0,0,0,0,0,0,0,0,0,0,0,0,0,0,0,0,0,0,0,0,0,0,0,0,0,0,0,0,0,0,0,0,0,0,0,0,0,0,0,0,0,0,0,0,0,0,0,0,0,0,0,0,0,0,0,0,0,vmlinux,alloc_pages_mpol,[Unknown],0xffffffff8347e810
apei_check_gar,15000000,45000000,0,150000048,0,0,0,4836435,0,0,96725955,0,0,0,0,0,0,0,0,0,0,0,0,0,0,0,0,0,0,0,48363050,0,0,0,0,0,0,0,0,0,0,0,0,0,0,0,0,0,0,0,0,0,0,0,0,0,0,0,0,0,0,0,0,0,75000000,0,0,0,0,0,0,0,0,0,0,0,0,0,0,0,0,0,0,0,0,0,0,0,0,0,0,0,0,0,0,0,0,0,0,0,vmlinux,apei_check_gar,[Unknown],0xffffffff83a49b50
arch_scale_freq_tick,15000000,15000000,0,0,0,0,0,0,0,0,0,0,0,0,0,0,0,0,0,0,0,0,0,0,0,0,0,0,0,0,48363050,0,0,0,0,0,0,0,0,0,0,0,0,0,0,0,0,0,0,0,0,0,0,0,0,0,0,0,0,0,0,0,0,0,75000000,75000000,0,0,0,0,0,0,0,0,0,0,0,0,0,0,0,241815250,0,0,0,0,0,0,0,0,0,0,0,0,0,0,0,0,0,0,vmlinux,arch_scale_freq_tick,[Unknown],0xffffffff8307a340
blk_cgroup_congested,15000000,0,0,0,0,0,0,0,483774,0,0,0,0,0,48363050,0,0,0,0,0,0,0,0,0,0,0,0,0,0,0,0,0,0,0,0,0,0,0,0,0,0,0,0,0,0,0,0,0,0,0,0,0,0,0,0,0,0,0,0,0,0,0,0,0,0,0,0,0,0,0,0,2418870,0,0,0,0,0,0,0,0,0,0,0,0,0,0,0,0,0,0,0,0,0,0,0,0,0,0,0,0,vmlinux,blk_cgroup_congested,[Unknown],0xffffffff837dce70
cc_platform_has,15000000,0,0,0,0,0,0,0,0,0,0,0,0,0,0,0,0,0,0,0,0,0,0,0,0,0,0,0,0,0,0,0,0,0,0,0,0,0,0,0,0,0,0,0,0,0,0,0,0,0,0,0,0,0,0,0,0,0,0,0,0,0,0,0,0,0,0,0,0,0,0,0,0,0,0,0,0,0,0,0,0,0,0,0,0,0,0,0,0,0,0,0,0,0,0,0,0,0,0,0,vmlinux,cc_platform_has,[Unknown],0xffffffff842074e0
cgroup_rstat_updated,15000000,15000000,0,0,4836435,0,0,0,0,0,0,0,0,0,0,0,0,0,0,0,0,0,0,0,0,0,0,0,0,0,0,0,0,0,0,0,0,0,0,0,0,0,0,0,0,0,0,0,0,0,0,0,0,0,0,0,0,0,0,0,0,0,0,0,75000000,75000000,0,0,0,24182175,0,0,0,0,0,0,0,0,0,0,0,0,0,0,0,0,0,0,0,0,0,0,0,0,0,0,0,0,0,0,vmlinux,cgroup_rstat_updated,[Unknown],0xffffffff832394d0
clockevents_program_event,15000000,0,0,0,0,0,0,0,0,0,0,0,0,0,0,0,0,0,0,0,0,0,0,0,0,0,0,0,0,0,0,0,0,0,0,0,0,0,0,0,0,0,0,0,0,0,0,0,0,0,0,0,0,0,0,0,0,0,0,0,0,0,0,0,0,75000000,0,0,0,0,0,0,0,0,0,0,0,0,0,0,0,0,0,0,0,0,0,0,0,0,0,0,0,0,0,0,0,0,0,0,vmlinux,clockevents_program_event,[Unknown],0xffffffff832137c0
count_memcg_events.constprop.0,15000000,0,0,50000016,0,0,0,0,0,0,0,0,0,0,0,0,0,0,0,0,0,0,0,0,0,0,0,0,0,0,0,0,0,0,0,0,0,0,0,0,0,0,0,0,0,0,0,0,0,0,0,0,0,0,0,0,0,0,0,0,0,0,0,0,0,0,0,0,0,0,0,0,0,0,0,0,0,0,0,0,0,0,0,0,0,0,0,0,0,0,0,0,0,0,0,0,0,0,0,0,vmlinux,count_memcg_events.constprop.0,[Unknown],0xffffffff8340df20
enqueue_hrtimer,15000000,0,0,0,0,0,0,0,0,0,0,0,0,0,0,0,0,0,0,0,0,0,0,0,0,0,0,0,0,0,0,0,0,0,0,0,0,0,0,0,0,0,0,0,0,0,0,0,0,0,0,0,0,0,0,0,0,0,0,0,0,0,0,0,0,75000000,0,0,0,0,0,0,0,0,0,0,0,0,0,0,0,0,0,0,0,0,0,0,0,0,0,0,0,0,0,0,0,0,0,0,vmlinux,enqueue_hrtimer,[Unknown],0xffffffff831fea10
fill_pmd,15000000,15000000,0,0,0,4836435,0,0,0,0,0,0,0,0,0,0,0,0,0,0,0,0,0,0,0,0,0,0,0,0,0,0,96725955,0,0,0,0,0,0,0,0,0,0,0,0,0,0,0,0,0,0,0,0,0,0,0,0,0,0,0,0,0,0,0,0,0,0,0,0,0,0,0,0,0,0,0,0,0,0,0,0,0,0,0,0,0,0,0,0,0,0,0,0,0,0,0,0,0,0,0,vmlinux,fill_pmd,[Unknown],0xffffffff830cf840
free_unref_page_commit,15000000,15000000,0,0,0,0,0,0,0,0,0,0,0,0,0,0,0,0,0,0,0,0,0,0,0,0,0,0,0,0,0,0,0,0,0,0,0,0,0,0,0,0,0,0,0,0,0,0,0,0,0,0,0,0,0,0,0,0,0,0,0,0,0,0,0,0,0,0,0,0,0,0,0,0,0,0,0,0,0,0,0,0,0,0,0,0,0,0,0,0,0,0,0,0,0,0,0,0,0,0,vmlinux,free_unref_page_commit,[Unknown],0xffffffff834414c0
free_unref_page_prepare,15000000,0,0,0,0,0,0,0,0,0,0,0,0,0,0,0,0,0,0,0,0,0,0,0,0,0,0,0,0,0,0,0,0,0,0,0,0,0,0,0,0,0,0,0,0,0,0,0,0,0,0,0,0,0,0,0,0,0,0,0,0,0,0,0,0,0,0,0,0,0,0,0,0,0,0,0,0,0,0,0,0,0,0,0,0,0,0,0,0,0,0,0,0,0,0,0,0,0,0,0,vmlinux,free_unref_page_prepare,[Unknown],0xffffffff83440550
ghes_notify_nmi,15000000,0,15000000,0,0,0,0,0,0,145088715,0,0,0,0,0,0,0,0,0,48363050,0,0,0,0,0,0,0,0,0,48363050,0,0,0,0,0,0,0,0,0,0,0,0,0,0,0,0,0,0,0,0,0,0,0,0,0,0,0,0,0,0,0,0,0,0,0,0,0,0,0,0,0,0,0,0,0,0,0,0,0,0,0,0,0,0,0,0,0,0,0,0,0,0,0,0,0,0,0,0,0,0,vmlinux,ghes_notify_nmi,[Unknown],0xffffffff83a4f560
hrtimer_forward,15000000,0,0,0,0,0,0,0,0,0,0,0,0,0,0,0,0,0,0,0,0,0,0,0,0,0,0,0,0,0,0,0,0,0,0,0,0,0,0,0,0,0,0,0,0,0,0,0,0,0,0,0,0,0,0,0,0,0,0,0,0,0,0,0,0,75000000,0,0,0,0,0,0,0,0,0,0,0,0,0,0,0,0,0,0,0,0,0,0,0,0,0,0,0,0,0,0,0,0,0,0,vmlinux,hrtimer_forward,[Unknown],0xffffffff831fe8b0
intel_pmu_disable_all,15000000,15000000,15000000,0,0,0,0,0,0,0,0,0,0,0,0,0,0,0,0,0,0,0,0,0,0,0,0,0,0,0,0,0,0,0,0,0,0,0,0,0,0,0,0,0,0,0,0,0,0,0,0,0,0,0,0,0,0,0,0,0,0,0,75000000,0,75000000,75000000,0,0,0,0,0,0,0,0,0,0,0,0,0,0,0,0,0,0,0,0,0,0,0,0,0,0,0,0,0,0,0,0,0,0,vmlinux,intel_pmu_disable_all,[Unknown],0xffffffff83017360
intel_pmu_handle_irq,15000000,0,0,0,0,0,0,0,0,0,0,0,0,0,0,0,0,0,0,0,0,0,0,0,0,0,0,0,0,48363050,0,0,0,0,0,0,0,0,0,0,0,0,0,0,0,0,0,0,0,0,0,4837306,0,0,0,0,0,0,0,0,0,0,0,0,0,0,0,0,0,0,0,0,0,0,0,0,0,0,0,0,0,0,0,0,0,0,0,0,0,0,0,0,0,0,24186530,0,0,0,0,0,vmlinux,intel_pmu_handle_irq,[Unknown],0xffffffff8301b9d0
irqentry_exit,15000000,0,0,0,0,0,0,0,0,0,0,0,0,0,0,0,0,0,0,0,0,0,0,0,0,0,0,0,0,0,0,0,0,0,0,0,0,0,0,0,0,0,0,0,0,0,0,0,0,0,0,0,0,0,0,0,0,0,0,0,0,0,0,0,0,0,0,0,0,0,0,0,0,0,0,0,0,0,0,0,0,0,0,0,0,0,0,0,0,0,0,0,0,0,0,0,0,0,0,0,vmlinux,irqentry_exit,[Unknown],0xffffffff84210040
lock_mm_and_find_vma,15000000,0,0,0,0,0,0,0,0,0,0,0,0,0,0,0,0,0,0,0,0,0,0,0,0,0,0,0,0,0,0,0,0,0,0,0,0,0,0,0,0,0,0,0,0,0,0,0,0,0,0,0,0,0,0,0,0,0,0,0,0,0,0,0,0,0,0,0,0,0,0,0,0,0,0,0,0,0,0,0,0,0,0,0,0,0,0,0,0,0,0,0,0,0,0,0,0,0,0,0,vmlinux,lock_mm_and_find_vma,[Unknown],0xffffffff83415c30
main,15000000,0,0,100000032,0,0,0,4836435,0,0,0,0,0,0,0,0,0,0,0,0,48363050,0,0,0,0,0,0,0,0,0,0,0,0,0,0,0,0,0,0,0,0,0,0,0,0,0,0,0,0,0,0,0,0,0,0,0,0,0,0,0,0,0,0,500000160,0,75000000,0,0,0,0,0,0,0,0,0,0,241815250,0,0,0,0,0,0,0,0,0,0,0,24182175,0,0,0,0,0,0,0,0,0,0,0,PureScanGATHER,main,[Unknown],0x51e0
mem_cgroup_commit_charge,15000000,0,0,0,0,0,0,0,0,0,0,0,0,0,0,0,0,0,0,0,0,0,0,0,0,0,0,0,0,0,0,0,0,0,0,0,0,0,0,0,0,0,0,0,0,0,0,0,0,0,0,0,0,0,0,0,0,0,0,0,0,0,0,0,0,0,0,0,0,0,0,0,0,0,0,0,0,0,0,0,0,0,0,0,0,0,0,0,0,0,0,0,0,0,0,0,0,0,0,0,vmlinux,mem_cgroup_commit_charge,[Unknown],0xffffffff834b69a0
native_irq_return_iret,15000000,45000000,30000000,100000032,0,0,0,0,0,0,96725955,0,0,0,0,0,0,0,0,0,0,0,0,0,0,0,0,0,0,0,0,0,0,0,0,0,0,0,0,0,0,0,0,0,0,0,0,0,0,0,0,0,0,0,0,0,0,0,0,0,0,0,0,0,0,0,0,0,0,0,0,0,0,0,0,0,0,0,0,0,0,0,0,0,0,0,0,0,0,0,0,0,0,0,0,0,0,0,0,0,vmlinux,native_irq_return_iret,[Unknown],0xffffffff8440128c
nohz_balance_exit_idle,15000000,0,0,0,0,0,0,0,0,0,0,0,0,0,0,0,0,0,0,0,0,0,0,0,0,0,0,0,0,0,0,0,0,0,0,0,0,0,0,0,0,0,0,0,0,0,0,0,0,0,0,0,0,0,0,0,0,0,0,0,0,0,0,0,0,75000000,0,0,0,0,0,0,0,0,0,0,0,0,0,0,0,0,0,0,0,0,0,0,0,0,0,0,0,0,0,0,0,0,0,0,vmlinux,nohz_balance_exit_idle,[Unknown],0xffffffff83173230
nvme_prep_rq.part.0,15000000,0,0,0,0,0,0,0,0,0,0,0,0,0,0,0,0,0,0,0,0,0,0,0,0,0,0,0,0,0,0,0,0,0,0,0,0,0,0,0,0,0,0,0,0,0,0,0,0,0,0,0,0,0,0,0,0,0,0,0,0,0,0,0,0,0,0,0,0,0,0,0,0,0,0,0,0,0,0,0,0,0,0,0,0,0,0,0,0,0,0,0,0,0,0,0,0,0,0,0,vmlinux,nvme_prep_rq.part.0,[Unknown],0xffffffff83c38700
p4d_offset,15000000,0,0,0,0,0,0,0,0,0,0,0,0,0,0,0,0,0,0,0,0,0,0,0,0,0,0,0,0,0,0,0,0,0,0,0,0,0,0,0,0,0,0,0,0,0,0,0,0,0,0,0,0,0,0,0,0,0,0,0,0,0,0,0,0,0,0,0,0,0,0,0,0,0,0,0,0,0,0,0,0,0,0,0,0,0,0,0,0,0,0,0,0,0,0,0,0,0,0,0,vmlinux,p4d_offset,[Unknown],0xffffffff830cec50
percpu_counter_add_batch,15000000,0,0,0,0,0,0,0,0,0,0,0,0,0,0,0,0,0,0,0,0,0,0,0,0,0,0,0,0,0,0,0,0,0,0,0,0,0,0,0,0,0,0,0,0,0,0,0,0,0,0,0,0,0,0,0,0,0,0,0,0,0,0,0,0,0,0,0,0,0,0,0,0,0,0,0,0,0,0,0,0,0,0,0,0,0,0,0,0,0,0,0,0,0,0,0,0,0,0,0,vmlinux,percpu_counter_add_batch,[Unknown],0xffffffff838f5360
pmd_val,15000000,0,0,50000016,0,0,0,0,0,0,0,0,0,0,0,0,0,0,0,0,0,0,0,0,0,0,0,0,0,0,0,0,0,0,0,0,0,0,0,0,0,0,0,0,0,0,0,0,0,0,0,0,0,0,0,0,0,0,0,0,0,0,0,0,0,0,0,0,0,0,0,0,0,0,0,0,0,0,0,0,0,0,0,0,0,0,0,0,0,0,0,0,0,0,0,0,0,0,0,0,vmlinux,pmd_val,[Unknown],0xffffffff8340d960
rcu_sched_clock_irq,15000000,15000000,0,0,0,0,0,0,0,0,0,0,0,0,0,0,0,0,0,0,0,0,0,0,0,0,0,0,0,0,0,0,0,0,0,0,0,0,0,0,0,0,0,0,0,0,0,0,0,0,0,0,0,0,0,0,0,0,0,0,0,0,0,0,315000000,75000000,0,0,0,0,0,0,0,0,0,0,0,0,0,0,0,0,0,0,0,0,0,0,0,0,0,0,0,0,0,0,0,0,0,0,vmlinux,rcu_sched_clock_irq,[Unknown],0xffffffff831dce20
scheduler_tick,15000000,45000000,0,0,0,0,0,4836435,0,0,96725955,48363050,0,0,0,0,0,0,0,48363050,96726100,0,0,0,0,0,0,0,0,0,48363050,48363050,0,0,0,0,0,0,0,0,0,0,0,0,0,0,0,0,0,0,0,0,0,0,0,48363050,0,0,0,0,0,0,0,0,225000000,75000000,0,241815250,0,0,0,0,241815250,0,0,0,483630500,4207585350,0,0,0,241815250,241815250,0,0,0,0,0,24182175,0,0,0,0,0,0,0,0,0,0,0,vmlinux,scheduler_tick,[Unknown],0xffffffff8315e260
set_pte_vaddr,15000000,0,15000000,0,0,0,0,0,0,0,0,0,0,0,0,0,0,0,0,0,0,0,0,0,0,0,0,483629205,0,0,0,0,0,0,0,0,0,0,0,0,0,0,0,0,0,0,0,0,0,0,0,0,0,0,0,0,0,0,0,0,0,0,0,0,0,0,0,0,0,0,0,0,0,0,0,0,0,0,0,0,0,0,0,0,0,0,0,0,0,0,0,0,0,0,0,0,0,0,0,0,vmlinux,set_pte_vaddr,[Unknown],0xffffffff830d00b0
task_tick_fair,15000000,0,15000000,0,0,0,0,0,0,0,96725955,48363050,0,0,0,0,0,0,0,0,0,0,0,0,0,0,0,0,0,0,0,0,0,0,0,0,0,0,0,0,0,0,0,0,0,0,0,0,0,0,0,0,0,0,0,48363050,0,0,0,0,0,0,75000000,0,0,75000000,0,5803566000,0,0,483629775,0,241815250,0,0,0,0,0,0,0,0,0,0,0,0,0,0,0,0,0,0,0,0,0,0,0,0,0,0,0,vmlinux,task_tick_fair,[Unknown],0xffffffff8316c580
trigger_load_balance,15000000,0,0,0,0,0,0,0,0,0,0,0,0,0,0,0,0,0,0,0,0,0,0,0,0,0,0,0,0,0,0,0,0,0,0,0,0,0,0,0,0,0,0,0,0,0,0,0,0,0,0,0,0,0,0,0,0,0,0,0,0,0,0,0,0,75000000,0,0,0,0,0,0,0,0,0,0,0,0,0,0,0,0,0,0,0,0,0,0,0,0,0,0,0,0,0,0,0,0,0,0,vmlinux,trigger_load_balance,[Unknown],0xffffffff83173890
update_cfs_group,15000000,15000000,15000000,100000032,0,0,0,0,0,0,96725955,0,0,0,0,0,96725955,0,0,0,0,0,0,0,0,0,0,0,0,0,96726100,0,0,0,0,0,0,0,0,0,0,0,0,0,0,0,0,0,0,0,0,0,0,0,96726100,48363050,0,0,0,0,0,0,1620000000,500000160,75000000,75000000,15766354300,241815250,0,0,483629775,0,0,0,0,483629775,0,0,0,0,0,483630500,0,0,0,0,0,0,0,0,0,0,0,0,0,0,0,0,0,0,vmlinux,update_cfs_group,[Unknown],0xffffffff8316c480
update_min_vruntime,15000000,0,0,0,0,0,0,0,0,0,0,0,0,0,0,0,0,0,0,48363050,0,0,0,0,0,0,0,0,0,0,0,0,0,0,0,0,0,0,0,0,0,0,0,0,0,0,0,0,0,0,0,0,0,0,0,0,0,0,0,0,0,0,0,0,0,75000000,0,0,0,0,0,0,0,0,0,0,0,241815250,0,0,0,0,0,0,0,0,0,0,0,0,0,0,0,0,0,0,0,0,0,0,vmlinux,update_min_vruntime,[Unknown],0xffffffff8315e930
x86_pmu_enable,15000000,0,0,0,0,0,0,0,0,0,0,0,0,0,0,0,0,0,0,0,0,0,0,0,0,0,0,0,0,0,0,0,96725955,0,0,0,0,0,0,0,0,0,0,0,0,0,0,0,0,0,0,0,0,0,0,0,0,0,0,0,0,0,0,0,0,75000000,0,0,0,0,0,0,0,0,0,0,0,0,0,0,0,0,0,0,0,0,0,0,0,0,0,0,0,0,0,0,0,0,0,0,vmlinux,x86_pmu_enable,[Unknown],0xffffffff8300dc60
[xfs],0,0,0,50000016,0,0,0,0,0,0,0,0,0,0,0,0,0,0,0,0,0,0,0,0,0,0,0,0,0,0,0,0,0,0,0,0,0,0,0,0,0,0,0,0,0,0,0,0,0,0,0,0,0,0,0,0,0,0,0,0,0,0,0,0,0,0,0,0,0,0,0,0,0,0,0,0,0,0,0,0,0,0,0,0,0,0,0,0,0,0,0,0,0,0,0,0,0,0,0,0,xfs,[xfs],[Unknown],0x0
__bitmap_and,0,0,0,0,0,0,0,0,0,0,0,0,0,0,0,0,0,0,0,48363050,0,0,0,0,0,0,0,0,0,0,0,0,0,0,0,0,0,0,0,0,0,0,0,0,0,0,0,0,0,0,0,0,0,0,0,0,0,0,0,0,0,0,0,0,0,0,0,0,0,0,0,0,0,0,0,0,0,241815250,0,0,0,0,0,0,0,0,0,0,0,0,0,0,0,0,0,0,0,0,0,0,vmlinux,__bitmap_and,[Unknown],0xffffffff83827370
__cgroup_account_cputime_field,0,0,0,100000032,0,0,0,0,0,0,96725955,0,0,4836435,0,0,0,0,0,0,0,0,0,0,0,0,0,0,0,0,0,0,0,0,0,0,0,0,0,0,0,0,0,0,0,0,0,0,0,0,0,0,0,0,0,0,0,0,0,0,0,0,0,250000080,0,0,0,0,0,0,483629775,0,0,0,0,0,0,0,0,0,0,0,0,0,0,0,0,0,0,0,0,0,0,0,0,0,24182175,0,0,0,vmlinux,__cgroup_account_cputime_field,[Unknown],0xffffffff83239fe0
__count_memcg_events,0,0,0,150000048,0,0,0,0,0,0,0,48363050,0,0,0,0,0,0,0,0,0,0,0,0,0,0,0,0,0,0,0,0,0,0,0,0,0,0,0,0,0,0,0,0,0,0,0,0,0,0,0,0,0,0,0,0,48363050,0,0,0,0,0,0,0,0,0,0,0,0,0,0,0,0,0,0,0,0,0,0,0,0,0,0,0,0,0,0,0,0,0,0,0,0,0,0,0,0,0,0,0,vmlinux,__count_memcg_events,[Unknown],0xffffffff834b3bc0
__domain_mapping,0,15000000,0,0,0,0,0,0,0,0,0,0,0,0,0,0,0,0,0,0,0,0,0,0,0,0,0,0,0,0,0,0,0,0,0,0,0,0,0,0,0,0,0,0,0,0,0,0,0,0,0,0,0,0,0,0,0,0,0,0,0,0,0,0,0,0,0,0,0,0,0,0,0,0,0,0,0,0,0,0,0,0,0,0,0,0,0,0,0,0,0,0,0,0,0,0,0,0,0,0,vmlinux,__domain_mapping,[Unknown],0xffffffff83b37c50
__filemap_add_folio,0,0,0,0,0,4836435,0,0,0,0,0,0,0,0,0,0,0,0,0,0,0,0,0,0,0,0,0,0,0,0,0,0,0,0,0,0,0,0,0,0,0,0,0,0,0,0,0,0,0,0,0,0,0,0,0,0,0,0,0,0,0,0,0,0,0,0,0,0,0,0,0,0,0,0,0,0,0,0,0,0,0,0,0,0,0,0,0,0,0,0,0,0,0,0,0,0,0,0,0,0,vmlinux,__filemap_add_folio,[Unknown],0xffffffff833b0310
__folio_throttle_swaprate,0,15000000,0,0,0,0,0,0,0,0,0,0,0,0,0,0,0,0,0,0,0,0,0,0,0,0,0,0,0,0,0,0,0,0,0,0,0,0,0,0,0,0,0,0,0,0,0,0,0,0,0,0,0,0,0,0,0,0,0,0,0,0,0,0,0,0,0,0,0,0,0,0,0,0,0,0,0,0,0,0,0,0,0,0,0,0,0,0,0,0,0,0,0,0,0,0,0,0,0,0,vmlinux,__folio_throttle_swaprate,[Unknown],0xffffffff83466650
__free_one_page,0,15000000,0,0,0,0,0,0,0,0,0,0,0,0,0,0,0,0,0,0,0,0,0,0,0,0,0,0,0,0,0,0,0,0,0,0,0,0,0,0,0,0,0,0,0,0,0,0,0,0,0,0,0,0,0,96726100,0,0,0,0,0,0,0,0,0,0,0,0,0,0,0,0,0,0,0,0,0,0,0,0,0,0,0,0,0,0,0,0,0,0,0,0,0,0,0,0,0,0,0,0,vmlinux,__free_one_page,[Unknown],0xffffffff83440920
__ghes_peek_estatus.isra.0,0,0,0,0,4836435,0,0,0,0,0,0,0,0,0,0,0,0,0,0,0,0,0,0,0,0,0,0,0,0,0,0,0,0,0,0,0,0,0,0,0,0,0,0,0,0,0,0,0,0,0,0,0,0,0,0,0,0,0,0,0,0,0,0,0,0,0,0,0,0,24182175,0,0,0,0,0,0,0,0,0,0,0,0,0,0,0,0,0,0,0,0,0,0,0,0,0,0,0,0,0,0,vmlinux,__ghes_peek_estatus.isra.0,[Unknown],0xffffffff83a4dfe0
__handle_mm_fault,0,15000000,0,0,0,0,0,0,0,0,0,0,0,0,0,0,0,0,0,0,0,0,0,0,0,0,0,0,0,0,0,0,0,0,0,0,0,0,0,0,0,0,0,0,0,0,0,0,0,0,0,0,0,0,0,0,0,0,0,0,0,0,0,0,0,0,0,0,0,0,0,0,0,0,0,0,0,0,0,0,0,0,0,0,0,0,0,0,0,0,0,0,0,0,0,0,0,0,0,0,vmlinux,__handle_mm_fault,[Unknown],0xffffffff8341a440
__hrtimer_next_event_base,0,0,0,0,0,0,0,0,483774,0,0,0,0,0,0,0,0,0,0,0,0,0,0,0,0,0,0,0,0,0,0,0,0,0,0,0,0,0,0,0,0,0,0,0,0,0,0,0,0,0,0,0,0,0,0,0,0,0,0,0,0,0,0,0,0,0,0,0,0,0,0,2418870,0,0,0,0,0,0,0,0,0,0,0,0,0,0,0,0,0,0,0,0,0,0,0,0,0,0,0,0,vmlinux,__hrtimer_next_event_base,[Unknown],0xffffffff831fee80
__mod_node_page_state,0,0,15000000,0,0,4836435,0,0,0,0,0,48363050,0,0,0,0,0,0,0,0,0,0,0,0,0,0,0,0,0,0,0,0,0,0,0,0,0,0,0,0,0,0,0,0,0,0,0,0,0,0,0,0,0,0,0,0,0,0,0,0,0,0,0,0,0,0,0,0,0,0,0,0,0,0,0,0,0,0,0,0,0,0,0,0,0,0,0,0,0,0,0,0,0,0,0,0,0,0,0,0,vmlinux,__mod_node_page_state,[Unknown],0xffffffff833eaf50
__next_zones_zonelist,0,15000000,0,0,0,0,0,0,0,0,0,0,0,0,0,0,0,0,0,0,0,0,0,0,0,0,0,0,0,0,0,0,0,0,0,0,0,0,0,0,0,0,0,0,0,0,0,0,0,0,0,0,0,0,0,0,0,0,0,0,0,0,0,0,0,0,0,0,0,0,0,0,0,0,0,0,0,0,0,0,0,0,0,0,0,0,0,0,0,0,0,0,0,0,0,0,0,0,0,0,vmlinux,__next_zones_zonelist,[Unknown],0xffffffff833e8c70
__remove_hrtimer,0,0,0,0,0,0,0,0,0,0,0,0,0,0,0,0,0,0,0,48363050,48363050,0,0,0,0,0,0,0,0,48363050,0,0,0,0,0,0,0,0,0,0,0,0,0,0,0,0,0,0,0,0,0,0,0,0,0,0,0,0,0,0,0,0,0,0,0,0,0,0,0,0,0,0,0,0,0,0,241815250,241815250,0,241815250,0,0,0,0,0,0,0,0,0,0,0,0,0,0,0,0,0,0,0,0,vmlinux,__remove_hrtimer,[Unknown],0xffffffff831ff220
__rmqueue_pcplist,0,0,0,0,0,0,0,0,0,0,0,0,0,0,0,0,0,0,0,48363050,0,0,0,0,0,0,0,0,0,0,0,0,0,0,0,0,0,0,0,0,0,0,0,0,0,0,0,0,0,0,0,0,0,0,0,0,0,0,0,0,0,0,0,0,0,0,0,0,0,0,0,0,0,0,0,0,0,0,0,0,0,0,0,0,0,0,0,0,0,0,0,0,0,0,0,0,0,0,0,0,vmlinux,__rmqueue_pcplist,[Unknown],0xffffffff83443be0
__smp_call_single_queue,0,0,0,0,0,4836435,0,0,0,0,0,0,0,0,0,0,0,0,0,0,0,0,0,0,0,0,0,0,0,0,0,0,0,0,0,0,0,0,0,0,0,0,0,0,0,0,0,0,0,0,0,0,0,0,0,0,0,0,0,0,0,0,0,0,0,0,0,0,0,0,0,0,0,0,0,0,0,0,0,0,0,0,0,0,0,0,0,0,0,0,0,0,0,24182175,0,0,0,0,0,0,vmlinux,__smp_call_single_queue,[Unknown],0xffffffff83221440
__switch_to,0,0,0,0,4836435,0,0,0,0,0,0,0,0,0,0,0,0,0,0,0,0,0,0,0,0,0,0,0,0,0,0,0,0,0,0,0,0,0,0,0,0,0,0,0,0,0,0,0,0,0,0,0,0,0,0,0,0,0,0,0,0,0,0,0,0,0,0,0,0,24182175,0,0,0,0,0,0,0,0,0,0,0,0,0,0,0,0,0,0,0,0,0,0,0,0,0,0,0,0,0,0,vmlinux,__switch_to,[Unknown],0xffffffff83053c90
__sysvec_apic_timer_interrupt,0,0,0,0,0,0,0,0,0,0,96725955,48363050,0,0,0,0,0,0,0,48363050,0,0,0,0,0,0,0,0,0,48363050,0,0,0,0,0,0,0,0,0,0,0,0,0,0,0,0,0,0,0,0,0,0,0,0,0,0,0,0,0,0,0,0,0,0,0,0,0,0,0,0,1160711460,0,241815250,0,0,0,0,241815250,0,241815250,0,0,0,0,0,0,0,0,0,0,0,0,0,0,0,0,0,0,0,0,vmlinux,__sysvec_apic_timer_interrupt,[Unknown],0xffffffff830a97c0
__update_blocked_fair,0,0,0,0,0,0,0,0,0,0,0,0,0,0,0,0,0,0,0,0,0,0,0,0,0,0,0,0,0,0,48363050,0,0,0,0,0,0,0,0,0,0,0,0,0,0,0,0,0,0,0,0,0,0,0,0,0,0,0,0,0,0,0,0,0,0,0,0,0,0,0,0,0,0,0,0,0,0,0,0,0,0,241815250,0,0,0,0,0,0,0,0,0,0,0,0,0,0,0,0,0,0,vmlinux,__update_blocked_fair,[Unknown],0xffffffff83167480
__update_idle_core,0,0,0,0,0,0,0,0,0,0,0,0,0,0,0,0,0,0,0,48363050,0,0,0,0,0,0,0,0,0,0,0,0,0,0,0,0,0,0,0,0,0,0,0,0,0,0,0,0,0,0,0,0,0,0,0,0,0,0,0,0,0,0,0,0,0,0,0,0,0,0,0,0,0,0,0,0,0,0,0,0,0,0,0,0,0,0,0,0,0,0,0,0,0,0,0,0,0,0,0,0,vmlinux,__update_idle_core,[Unknown],0xffffffff831709c0
_copy_to_iter,0,90000000,90000000,300000096,0,4836435,0,0,0,145088715,96725955,48363050,0,4836435,0,0,96725955,0,0,96726100,193452200,0,0,0,0,0,0,0,0,0,0,0,0,0,0,0,0,0,0,0,0,0,0,0,0,0,0,0,0,0,0,0,0,0,0,0,0,0,0,0,0,0,0,0,0,0,0,0,0,0,0,0,0,0,0,0,0,0,0,0,0,0,0,0,0,0,0,0,0,0,0,0,0,0,0,0,0,0,0,0,vmlinux,_copy_to_iter,[Unknown],0xffffffff8382cd20
_find_next_and_bit,0,0,0,0,0,0,0,0,0,0,0,0,0,0,0,0,0,0,0,0,0,0,0,0,0,0,0,0,0,0,0,48363050,0,0,0,0,0,0,0,0,0,0,0,0,0,0,0,0,0,0,0,0,0,0,0,0,0,0,0,0,0,0,0,0,0,0,0,0,0,0,0,0,0,0,0,0,0,0,0,0,0,0,4062496200,0,0,0,0,0,0,0,0,0,0,0,0,0,0,0,0,0,vmlinux,_find_next_and_bit,[Unknown],0xffffffff838306d0
_find_next_zero_bit,0,0,15000000,0,0,0,0,0,0,0,0,0,0,0,0,0,0,0,0,0,0,0,0,0,0,0,0,0,0,0,0,0,0,0,0,0,0,0,0,0,0,0,0,0,0,0,0,0,0,0,0,0,0,0,0,0,0,0,0,0,0,0,0,0,0,0,0,0,0,0,0,0,0,0,0,0,0,0,0,0,0,0,0,0,0,0,0,0,0,0,0,0,0,0,0,0,0,0,0,0,vmlinux,_find_next_zero_bit,[Unknown],0xffffffff838308b0
_raw_spin_lock,0,30000000,60000000,300000096,0,0,0,0,0,0,0,48363050,0,0,0,0,0,0,0,48363050,48363050,0,0,0,0,0,0,483629205,0,0,0,0,0,0,0,0,0,0,0,0,0,0,0,0,0,0,0,0,0,0,0,0,0,0,0,48363050,0,0,0,0,0,0,150000000,0,75000000,0,0,0,0,0,0,0,241815250,0,0,0,241815250,241815250,0,0,0,0,0,0,0,0,0,0,0,0,0,0,0,0,0,0,0,0,0,0,vmlinux,_raw_spin_lock,[Unknown],0xffffffff842283e0
account_process_tick,0,0,15000000,0,0,0,0,0,0,0,0,0,0,0,0,0,0,0,0,0,0,0,0,0,0,0,0,0,0,0,0,0,0,0,0,0,0,0,0,0,0,0,0,0,0,0,0,0,0,0,0,0,0,0,0,0,0,0,0,0,0,0,75000000,0,0,0,0,0,0,0,0,0,0,0,0,0,0,0,0,0,0,0,0,0,0,0,0,0,0,0,0,0,0,0,0,0,0,0,0,0,vmlinux,account_process_tick,[Unknown],0xffffffff83181c80
account_user_time,0,15000000,15000000,50000016,0,0,0,4836435,0,0,0,48363050,0,4836435,0,0,0,0,0,96726100,48363050,0,0,0,0,0,0,0,0,48363050,0,0,0,0,0,0,0,0,0,0,0,0,0,0,0,0,0,0,0,0,0,0,0,0,0,0,0,0,0,0,0,0,0,250000080,1920000000,0,0,0,0,0,0,0,241815250,0,0,0,241815250,483630500,0,241815250,0,0,0,0,0,0,0,0,691610205,0,0,0,0,0,0,0,24182175,0,0,0,vmlinux,account_user_time,[Unknown],0xffffffff831816c0
acct_account_cputime,0,0,0,0,0,0,0,0,0,0,0,0,0,0,0,0,0,0,0,0,48363050,0,0,0,0,0,0,0,0,0,0,0,0,0,0,0,0,0,0,0,0,0,0,0,0,0,0,0,0,0,0,0,0,0,0,0,0,0,0,0,0,0,0,0,0,0,0,0,0,0,0,0,0,0,0,0,241815250,0,0,0,0,0,0,0,0,0,0,0,0,0,0,0,0,0,0,0,0,0,0,0,vmlinux,acct_account_cputime,[Unknown],0xffffffff8327b350
alloc_anon_folio,0,0,0,0,4836435,4836435,0,0,0,0,0,0,0,0,0,0,0,0,0,0,0,0,0,0,0,0,0,0,0,0,0,0,0,0,0,0,0,0,0,0,0,0,0,0,0,0,0,0,0,0,0,0,0,0,0,0,0,0,0,0,0,0,0,0,0,0,0,0,0,24182175,0,0,0,0,0,0,0,0,0,0,0,0,0,0,0,0,0,0,0,0,0,0,0,0,0,0,0,0,0,0,vmlinux,alloc_anon_folio,[Unknown],0xffffffff83419010
arch_check_zapped_pte,0,0,0,50000016,0,0,0,0,0,0,0,0,0,0,0,0,0,0,0,0,0,0,0,0,0,0,0,0,0,0,0,0,0,0,0,0,0,0,0,0,0,0,0,0,0,0,0,0,0,0,0,0,0,0,0,0,0,0,0,0,0,0,0,0,0,0,0,0,0,0,0,0,0,0,0,0,0,0,0,0,0,0,0,0,0,0,0,0,0,0,0,0,0,0,0,0,0,0,0,0,vmlinux,arch_check_zapped_pte,[Unknown],0xffffffff830d5ab0
asm_exc_nmi,0,0,0,0,0,0,0,0,0,0,0,48363050,0,0,0,0,0,0,0,386904400,0,0,0,0,0,0,0,0,0,48363050,0,0,0,0,0,0,0,0,0,0,0,0,0,0,0,0,0,0,0,0,0,0,0,0,0,0,0,0,0,0,0,0,0,0,0,0,0,0,0,0,0,0,0,0,0,0,0,0,0,0,0,0,0,0,0,0,0,0,0,0,0,0,0,0,0,0,0,0,0,0,vmlinux,asm_exc_nmi,[Unknown],0xffffffff84401720
asm_exc_page_fault,0,0,0,0,0,0,0,0,0,0,0,0,0,0,0,0,0,0,0,0,0,0,0,0,0,0,483629205,0,0,0,0,0,0,0,0,0,0,0,0,0,0,0,0,0,0,0,0,0,0,0,0,0,0,0,0,0,0,0,0,0,0,0,0,0,0,0,0,0,0,0,0,0,0,0,0,0,0,0,0,0,0,0,0,0,0,0,0,0,0,0,0,0,0,0,0,0,0,0,0,0,vmlinux,asm_exc_page_fault,[Unknown],0xffffffff84400ba0
asm_sysvec_apic_timer_interrupt,0,15000000,0,100000032,0,0,0,0,0,0,0,0,0,0,0,0,0,0,0,193452200,0,0,0,0,0,0,0,0,0,0,0,0,0,0,0,0,0,0,0,0,0,0,0,0,0,0,0,0,0,0,0,0,0,0,0,0,0,0,0,0,0,0,0,500000160,435000000,0,0,0,0,0,0,0,0,0,0,0,0,967261000,0,0,0,0,0,0,0,0,0,0,0,0,0,0,0,0,0,0,0,0,0,0,vmlinux,asm_sysvec_apic_timer_interrupt,[Unknown],0xffffffff84400f30
bio_associate_blkg_from_css,0,0,0,0,0,0,0,0,0,145088715,0,0,0,0,0,0,0,0,0,0,0,0,0,0,0,0,0,0,0,0,0,0,0,0,0,0,0,0,0,0,0,0,0,0,0,0,0,0,0,0,0,0,0,0,0,0,0,0,0,0,0,0,0,0,0,0,0,0,0,0,0,0,0,0,0,0,0,0,0,0,0,0,0,0,0,0,0,0,0,0,0,0,0,0,0,0,0,0,0,0,vmlinux,bio_associate_blkg_from_css,[Unknown],0xffffffff837dbbc0
blk_mq_rq_ctx_init.isra.0,0,0,0,0,4836435,0,0,0,0,0,0,0,0,0,0,0,0,0,0,0,0,0,0,0,0,0,0,0,0,0,0,0,0,0,0,0,0,0,0,0,0,0,0,0,0,0,0,0,0,0,0,0,0,0,0,0,0,0,0,0,0,0,0,0,0,0,0,0,0,24182175,0,0,0,0,0,0,0,0,0,0,0,0,0,0,0,0,0,0,0,0,0,0,0,0,0,0,0,0,0,0,vmlinux,blk_mq_rq_ctx_init.isra.0,[Unknown],0xffffffff837b5980
call_function_single_prep_ipi,0,0,0,0,0,0,0,0,0,0,0,0,0,0,0,0,0,0,0,0,0,0,0,0,0,0,0,0,0,0,0,0,0,0,0,0,0,0,0,0,0,0,0,0,0,0,0,0,0,0,0,0,0,0,0,48363050,0,0,0,0,0,0,0,0,0,0,0,241815250,0,0,0,0,0,0,0,0,0,0,0,0,0,0,0,0,0,0,0,0,0,0,0,0,0,0,0,0,0,0,0,0,vmlinux,call_function_single_prep_ipi,[Unknown],0xffffffff83156fb0
clear_page_erms,0,75000000,30000000,500000160,0,0,0,0,0,0,0,0,0,0,0,0,0,48363050,0,0,0,0,0,0,0,0,483629205,483629205,0,0,0,0,0,0,0,0,0,0,0,0,0,0,0,0,0,0,0,0,0,0,0,0,0,0,0,0,0,0,0,0,0,0,0,0,0,0,0,0,0,0,0,0,0,0,0,0,0,0,0,0,0,0,0,0,0,0,0,0,0,0,0,0,0,0,0,0,0,0,0,0,vmlinux,clear_page_erms,[Unknown],0xffffffff841901b0
clock_gettime,0,0,0,0,0,0,0,0,0,0,96725955,0,0,0,0,0,0,0,0,48363050,0,0,0,0,0,0,0,0,0,0,0,0,0,0,0,0,0,0,0,0,0,0,0,0,0,0,0,0,0,0,0,0,0,0,0,0,0,0,0,0,0,0,0,0,0,0,0,0,0,0,0,0,0,0,0,0,0,0,0,0,0,0,0,0,0,0,0,0,0,0,0,0,0,0,0,0,0,0,0,0,libc.so.6,clock_gettime,[Unknown],0xec950
common_interrupt_return,0,0,0,0,0,0,0,0,0,0,0,0,0,0,0,0,0,0,0,48363050,0,0,0,0,0,0,0,0,0,0,0,0,0,0,0,0,0,0,0,0,0,0,0,0,0,0,0,0,0,0,0,0,0,0,0,0,0,0,0,0,0,0,0,0,0,0,0,0,0,0,0,0,0,0,0,0,0,0,0,0,0,0,0,0,0,0,0,0,0,0,0,0,0,0,0,0,0,0,0,0,vmlinux,common_interrupt_return,[Unknown],0xffffffff84401190
cpuacct_account_field,0,15000000,0,50000016,0,0,0,4836435,0,0,0,0,0,0,0,0,0,0,0,0,48363050,0,0,0,0,0,0,0,0,0,0,0,0,0,0,0,0,0,0,0,0,0,0,0,0,0,0,0,0,0,0,0,0,0,0,48363050,0,0,0,0,0,0,0,250000080,75000000,0,0,241815250,0,0,0,0,0,0,0,0,241815250,0,0,0,0,0,0,0,0,0,0,0,24182175,0,0,0,0,0,0,0,0,0,0,0,vmlinux,cpuacct_account_field,[Unknown],0xffffffff83191410
cpuacct_charge,0,0,0,50000016,4836435,4836435,0,0,0,0,0,0,0,0,0,0,0,0,0,0,48363050,0,0,0,0,0,0,0,0,0,48363050,0,0,0,0,0,0,0,0,0,0,0,0,0,0,0,0,0,0,0,0,0,0,0,0,0,0,0,0,0,0,0,0,250000080,0,0,0,0,0,24182175,0,0,0,0,0,0,241815250,0,0,0,0,241815250,0,0,0,0,0,0,0,0,0,0,0,24182175,0,0,0,0,0,0,vmlinux,cpuacct_charge,[Unknown],0xffffffff83191360
default_do_nmi,0,0,0,0,0,0,0,0,0,0,0,0,0,0,0,0,0,0,0,48363050,0,0,0,0,0,0,0,0,0,0,0,0,0,0,0,0,0,0,0,0,0,0,0,0,0,0,0,0,0,0,0,0,0,0,0,0,0,0,0,0,0,0,0,0,0,0,0,0,0,0,0,0,0,0,0,0,0,0,0,0,0,0,0,0,0,0,0,0,0,0,0,0,0,0,0,0,0,0,0,0,vmlinux,default_do_nmi,[Unknown],0xffffffff8420bcf0
dequeue_task_fair,0,0,15000000,0,0,0,0,0,0,0,0,0,0,0,0,0,0,0,0,0,0,0,0,0,0,0,0,0,0,0,0,0,0,0,0,0,0,0,0,0,0,0,0,0,0,0,0,0,0,0,0,0,0,0,0,0,0,0,0,0,0,0,0,0,0,0,0,0,0,0,0,0,0,0,0,0,0,0,0,0,0,0,0,0,0,0,0,0,0,0,0,0,0,0,0,0,0,0,0,0,vmlinux,dequeue_task_fair,[Unknown],0xffffffff8316d780
do_anonymous_page,0,0,0,100000032,0,0,0,0,0,0,0,0,0,0,0,0,0,0,0,0,0,0,0,0,0,0,0,0,0,0,0,0,0,0,0,0,0,0,0,0,0,0,0,0,0,0,0,0,0,0,0,0,0,0,0,0,48363050,0,0,0,0,0,0,0,0,0,0,0,0,0,0,0,0,0,0,0,0,0,0,0,0,0,0,0,0,0,0,0,0,0,0,0,0,0,0,0,0,0,0,0,vmlinux,do_anonymous_page,[Unknown],0xffffffff83419350
down_read_trylock,0,0,0,50000016,0,0,0,0,0,0,0,0,0,0,0,0,0,0,0,0,0,0,0,0,0,0,0,0,0,0,0,0,0,0,0,0,0,0,0,0,0,0,0,0,0,0,0,0,0,0,0,0,0,0,0,0,0,0,0,0,0,0,0,0,0,0,0,0,0,0,0,0,0,0,0,0,0,0,0,0,0,0,0,0,0,0,0,0,0,0,0,0,0,0,0,0,0,0,0,0,vmlinux,down_read_trylock,[Unknown],0xffffffff8319bad0
early_xen_iret_patch,0,0,0,50000016,0,0,0,0,483774,0,0,0,0,0,0,0,0,0,0,48363050,0,0,0,0,0,0,0,0,0,0,0,0,0,0,0,0,0,0,0,0,0,0,0,0,0,0,0,0,0,0,0,0,0,0,0,0,0,0,0,0,0,0,0,0,0,0,0,0,0,0,0,2418870,0,0,0,0,0,0,0,0,0,0,0,0,0,0,0,0,0,0,0,0,0,0,0,0,0,0,0,0,vmlinux,early_xen_iret_patch,[Unknown],0xffffffff84401280
error_entry,0,30000000,0,0,0,0,0,9672870,0,0,0,0,0,0,0,0,0,0,0,0,0,0,0,0,0,0,0,0,0,0,0,0,0,0,0,0,0,0,0,0,0,0,0,0,0,0,0,0,0,0,0,0,0,0,0,0,0,0,0,0,0,0,0,0,255000000,0,0,0,0,0,0,0,0,0,0,0,0,0,0,0,0,0,0,0,0,0,0,0,164438790,0,0,0,0,0,0,0,0,0,0,0,vmlinux,error_entry,[Unknown],0xffffffff844015b0
exc_nmi,0,15000000,30000000,150000048,0,4836435,0,4836435,0,0,96725955,145089150,0,0,0,0,0,0,0,96726100,145089150,0,0,0,0,0,0,0,0,48363050,0,0,0,0,0,0,0,0,0,0,0,0,0,0,0,0,0,0,0,0,0,0,0,0,0,0,0,0,0,0,0,0,0,0,0,0,0,0,0,0,0,0,0,0,0,0,0,0,0,0,0,0,0,0,0,0,0,0,0,0,0,0,0,0,0,0,0,0,0,0,vmlinux,exc_nmi,[Unknown],0xffffffff8420be60
fill_pud,0,0,0,0,0,4836435,0,0,0,0,0,0,0,0,0,0,0,0,0,0,0,0,0,0,0,0,0,0,0,0,0,0,0,0,0,0,0,0,0,0,0,0,0,0,0,0,0,0,0,0,0,0,0,0,0,0,0,0,0,0,0,0,0,0,0,0,0,0,0,0,0,0,0,0,0,0,0,0,0,0,0,0,0,0,0,0,0,0,0,0,0,0,0,604554375,0,0,0,0,0,0,vmlinux,fill_pud,[Unknown],0xffffffff830cf6d0
find_vma,0,0,0,0,0,4836435,0,0,0,0,0,0,0,0,0,0,0,0,0,0,0,0,0,0,0,0,0,0,0,0,0,0,0,0,0,0,0,0,0,0,0,0,0,0,0,0,0,0,0,0,0,0,0,0,0,0,0,0,0,0,0,0,0,0,0,0,0,0,0,0,0,0,0,0,0,0,0,0,0,0,0,0,0,0,0,0,0,0,0,0,0,0,0,0,0,0,0,0,0,0,vmlinux,find_vma,[Unknown],0xffffffff83420290
folio_add_lru,0,0,0,0,0,0,0,0,0,0,0,0,0,0,0,0,0,0,0,0,0,0,0,0,0,0,0,0,0,0,0,0,193451910,0,0,0,0,0,0,0,0,0,0,0,0,0,0,0,0,0,0,0,0,0,0,0,0,0,0,0,0,0,0,0,0,0,0,0,0,0,0,0,0,0,0,0,0,0,0,0,0,0,0,0,0,0,0,0,0,0,0,0,0,0,0,0,0,0,0,0,vmlinux,folio_add_lru,[Unknown],0xffffffff833c5270
folio_wait_bit_common,0,0,0,50000016,0,0,0,0,0,0,0,0,0,0,0,0,0,0,0,0,0,0,0,0,0,0,0,0,0,0,0,0,0,0,0,0,0,0,0,0,0,0,0,0,0,0,0,0,0,0,0,0,0,0,0,0,0,0,0,0,0,0,0,0,0,0,0,0,0,0,0,0,0,0,0,0,0,0,0,0,0,0,0,0,0,0,0,0,0,0,0,0,0,0,0,0,0,0,0,0,vmlinux,folio_wait_bit_common,[Unknown],0xffffffff833b1730
fpregs_assert_state_consistent,0,15000000,0,0,0,0,0,0,0,0,0,0,0,0,0,0,0,0,0,0,0,0,0,0,0,0,0,0,0,0,0,0,0,0,0,0,0,0,0,0,0,0,0,0,0,0,0,0,0,0,0,0,0,0,0,0,0,0,0,0,0,0,0,0,75000000,0,0,0,0,0,0,0,0,0,0,0,0,0,0,0,0,0,0,0,0,0,0,0,0,0,0,0,0,0,0,0,0,0,0,0,vmlinux,fpregs_assert_state_consistent,[Unknown],0xffffffff8306a4d0
func@0x2040,0,0,0,0,0,0,0,0,0,0,0,0,0,0,0,0,0,0,0,48363050,0,0,0,0,0,0,0,0,0,0,0,0,0,0,0,0,0,0,0,0,0,0,0,0,0,0,0,0,0,0,0,0,0,0,0,0,0,0,0,0,0,0,0,0,0,0,0,0,0,0,0,0,0,0,0,0,0,0,0,0,0,0,0,0,0,0,0,0,0,0,0,0,0,0,0,0,0,0,0,0,PureScanGATHER,func@0x2040,[Unknown],0x2040
get_vma_policy,0,0,0,50000016,0,0,0,0,0,0,0,0,0,0,0,0,0,0,0,0,0,0,0,0,0,0,0,0,0,0,0,0,0,0,0,0,0,0,0,0,0,0,0,0,0,0,0,0,0,0,0,0,0,0,0,0,0,0,0,0,0,0,0,0,0,0,0,0,0,0,0,0,0,0,0,0,0,0,0,0,0,0,0,0,0,0,0,0,0,0,0,0,0,0,0,0,0,0,0,0,vmlinux,get_vma_policy,[Unknown],0xffffffff8347e130
ghes_in_nmi_queue_one_entry.constprop.0,0,30000000,15000000,50000016,0,0,0,4836435,0,0,0,0,0,0,0,0,0,0,0,0,0,0,0,0,0,0,0,0,0,0,0,0,0,0,0,0,0,0,0,0,0,0,0,0,0,0,0,0,0,9672726,0,0,0,0,0,48363050,0,0,0,0,0,0,0,0,0,0,0,0,0,0,0,0,0,0,0,0,0,0,0,0,0,0,0,0,0,0,48363630,0,0,0,0,0,0,0,0,0,0,0,0,0,vmlinux,ghes_in_nmi_queue_one_entry.constprop.0,[Unknown],0xffffffff83a4f290
handle_mm_fault,0,0,0,0,4836435,0,0,0,0,0,0,0,0,0,0,0,0,0,0,0,0,0,0,0,0,0,0,0,0,0,0,0,0,0,0,0,0,0,0,0,0,0,0,0,0,0,0,0,0,0,0,0,0,0,0,0,0,0,0,0,0,0,0,0,0,0,0,0,0,0,0,0,0,0,0,0,0,0,0,0,0,0,0,0,0,0,0,0,0,0,0,0,0,0,0,0,0,0,0,0,vmlinux,handle_mm_fault,[Unknown],0xffffffff8341abf0
hrtimer_active,0,45000000,15000000,0,0,0,0,4836435,0,0,0,0,0,0,0,0,96725955,0,0,0,145089150,0,0,0,0,0,0,0,0,48363050,48363050,48363050,0,0,0,0,0,0,0,0,0,0,0,0,0,0,0,0,0,0,0,0,0,0,0,0,0,0,0,0,0,0,75000000,0,225000000,0,0,0,0,0,0,0,0,0,0,483629775,725445750,0,0,241815250,0,241815250,241815250,0,0,0,0,0,24182175,0,0,0,0,0,0,0,0,0,0,0,vmlinux,hrtimer_active,[Unknown],0xffffffff831fe9a0
hrtimer_interrupt,0,0,0,0,0,0,0,0,0,0,0,0,0,0,0,0,0,0,0,48363050,0,0,0,0,0,0,0,0,0,0,0,0,0,0,0,0,0,0,0,0,0,0,0,0,0,0,0,0,0,0,0,0,0,0,0,0,0,0,0,0,0,0,0,0,0,0,0,0,0,0,0,0,0,0,0,0,0,241815250,0,0,0,0,0,0,0,0,0,0,0,0,0,0,0,0,0,0,0,0,0,0,vmlinux,hrtimer_interrupt,[Unknown],0xffffffff832001f0
idle_cpu,0,15000000,0,0,0,0,0,0,0,145088715,0,0,0,0,0,0,0,0,0,0,48363050,0,0,0,0,0,0,0,0,0,0,0,0,0,0,0,0,0,0,0,0,0,0,0,0,0,0,0,0,0,0,0,0,0,0,0,48363050,0,0,0,0,0,0,0,75000000,0,0,0,0,0,0,0,0,725443575,0,0,0,0,0,0,0,0,0,0,0,0,0,0,0,0,0,0,0,0,0,0,0,0,0,241815250,vmlinux,idle_cpu,[Unknown],0xffffffff83158560
intel_bts_disable_local,0,15000000,0,0,0,0,0,0,0,0,0,0,0,0,0,0,0,0,0,0,0,0,0,0,0,0,0,0,0,0,0,0,0,0,0,0,0,0,0,0,0,0,0,0,0,0,0,0,0,0,0,0,0,0,0,0,0,0,0,0,0,0,0,0,0,0,0,0,0,0,0,0,0,0,0,0,0,0,0,0,0,0,0,0,0,0,0,0,0,0,0,0,0,0,0,0,0,0,0,0,vmlinux,intel_bts_disable_local,[Unknown],0xffffffff8301e570
intel_bts_enable_local,0,0,0,0,0,0,0,0,0,0,0,0,0,0,0,0,0,0,0,48363050,0,0,0,0,0,0,0,0,0,0,0,0,0,0,0,0,0,0,0,0,0,0,0,0,0,0,0,0,0,0,0,0,0,0,0,0,0,0,0,0,0,0,0,0,0,0,0,0,0,0,0,0,0,0,0,0,0,0,0,0,0,0,0,0,0,0,0,0,0,0,0,0,0,0,0,0,0,0,0,0,vmlinux,intel_bts_enable_local,[Unknown],0xffffffff8301e500
irq_work_tick,0,0,0,0,4836435,0,0,0,0,0,0,0,0,0,0,0,0,0,0,0,0,0,0,0,0,0,0,0,0,0,0,0,0,0,0,0,0,0,0,0,0,0,0,0,0,0,0,0,0,0,0,0,0,0,0,0,0,0,0,0,0,0,0,0,0,0,0,0,0,420769845,0,0,0,0,0,0,0,0,0,0,0,0,0,0,0,0,0,0,0,0,0,0,0,0,0,0,0,0,0,0,vmlinux,irq_work_tick,[Unknown],0xffffffff832fd590
kick_ilb,0,0,0,0,0,0,0,0,0,0,0,0,0,0,0,0,0,0,0,96726100,0,0,0,0,0,0,0,0,0,0,0,0,0,0,0,0,0,0,0,0,0,0,0,0,0,0,0,0,0,0,0,0,0,0,0,48363050,0,0,0,0,0,0,0,0,0,0,0,241815250,0,0,0,0,0,0,0,0,0,483630500,0,0,0,0,0,0,0,0,0,0,0,0,0,0,0,0,0,0,0,0,0,0,vmlinux,kick_ilb,[Unknown],0xffffffff8315fc30
ktime_get,0,0,0,0,0,0,0,0,0,0,96725955,0,0,0,0,0,0,0,0,0,0,0,0,0,0,0,0,0,0,48363050,0,0,0,0,0,0,0,0,0,0,0,0,0,0,0,0,0,0,0,0,0,0,0,0,0,0,0,0,0,0,0,0,0,0,0,0,0,0,0,0,12671100105,0,0,0,0,0,0,0,0,241815250,0,0,0,0,0,0,0,0,0,0,0,0,0,0,0,0,0,0,0,0,vmlinux,ktime_get,[Unknown],0xffffffff832020a0
ktime_get_update_offsets_now,0,0,0,0,0,0,0,0,0,0,96725955,0,0,0,0,0,0,0,0,0,0,0,0,0,0,0,0,0,0,0,48363050,0,0,0,0,0,0,0,0,0,0,0,0,0,0,0,0,0,0,0,0,0,0,0,0,0,0,0,0,0,0,0,0,0,0,0,0,0,0,0,483629775,0,0,0,0,0,0,0,0,0,0,241815250,0,0,0,0,0,0,0,0,0,0,0,0,0,0,0,0,0,0,vmlinux,ktime_get_update_offsets_now,[Unknown],0xffffffff83203e10
lru_add_fn,0,0,0,100000032,0,0,0,0,0,0,0,0,0,0,0,0,0,0,0,0,0,0,0,0,0,0,0,0,0,0,0,0,0,0,0,0,0,0,0,0,0,0,0,0,0,0,0,0,0,0,0,0,0,0,0,0,0,0,0,0,0,0,0,0,0,0,0,0,0,0,0,0,0,0,0,0,0,0,0,0,0,0,0,0,0,0,0,0,0,0,0,0,0,0,0,0,0,0,0,0,vmlinux,lru_add_fn,[Unknown],0xffffffff833c4190
lru_gen_del_folio.constprop.0,0,0,0,50000016,0,0,0,0,0,0,0,0,0,0,0,0,0,0,0,0,0,0,0,0,0,0,0,0,0,0,0,0,0,0,0,0,0,0,0,0,0,0,0,0,0,0,0,0,0,0,0,0,0,0,0,0,0,0,0,0,0,0,0,250000080,0,0,0,0,0,0,0,0,0,0,0,0,0,0,0,0,0,0,0,0,0,0,0,0,0,0,0,0,0,0,0,0,0,0,0,0,vmlinux,lru_gen_del_folio.constprop.0,[Unknown],0xffffffff833c2b30
memcpy_fromio,0,0,0,0,0,0,0,9672870,0,0,96725955,0,0,0,0,0,0,0,0,0,48363050,0,0,0,0,0,483629205,0,0,0,0,0,0,0,0,0,0,0,0,0,0,0,0,0,0,0,0,0,0,0,0,0,0,0,0,0,0,0,0,0,0,0,0,0,0,0,0,0,0,0,0,0,0,0,0,0,0,0,0,0,0,0,0,0,0,0,0,0,111238005,0,0,0,0,0,0,0,0,0,0,0,vmlinux,memcpy_fromio,[Unknown],0xffffffff839064e0
native_apic_msr_eoi,0,15000000,15000000,50000016,0,0,0,0,0,0,0,0,0,0,0,0,0,0,0,96726100,0,0,0,0,0,0,0,0,0,0,0,0,0,0,0,0,0,0,0,0,0,0,0,0,0,0,0,0,0,0,0,0,0,0,0,0,0,0,0,0,0,0,75000000,250000080,75000000,0,0,0,0,0,0,0,0,0,0,0,0,5126483300,0,0,0,0,0,0,0,0,0,0,0,0,0,0,0,0,0,0,0,0,0,0,vmlinux,native_apic_msr_eoi,[Unknown],0xffffffff830b47a0
native_flush_tlb_one_user,0,30000000,30000000,250000080,0,0,0,0,0,0,0,0,0,0,0,0,0,0,0,145089150,0,0,0,0,0,0,0,0,0,0,0,0,0,0,0,0,0,0,0,0,0,0,0,0,0,0,0,0,0,0,0,0,0,0,0,0,0,0,0,0,0,0,0,0,0,0,0,0,0,0,0,0,0,0,0,0,0,0,0,0,0,0,0,0,0,0,0,0,0,0,0,0,0,0,0,0,0,0,0,0,vmlinux,native_flush_tlb_one_user,[Unknown],0xffffffff830d7120
native_read_msr,0,15000000,0,0,0,0,0,0,0,0,0,0,0,0,0,0,0,0,0,0,0,0,0,0,0,0,0,0,0,0,0,0,96725955,0,0,0,0,0,0,0,0,0,0,0,0,0,0,0,0,0,0,0,0,0,0,0,0,0,0,0,0,0,0,0,75000000,0,0,0,0,0,0,0,0,0,0,0,0,0,0,0,0,0,0,483629775,0,0,0,0,0,0,0,0,0,0,0,0,0,0,0,0,vmlinux,native_read_msr,[Unknown],0xffffffff830c4920
native_set_fixmap,0,45000000,0,150000048,0,0,0,4836435,0,0,96725955,0,0,0,0,0,0,0,0,0,0,0,0,0,0,0,0,0,0,0,0,48363050,0,0,0,0,0,0,0,0,0,0,0,0,0,0,0,0,0,0,0,0,0,0,0,0,0,0,0,0,0,0,0,0,0,0,0,0,0,0,0,0,0,0,0,0,0,0,0,0,0,0,0,0,0,0,0,0,0,0,0,0,0,0,0,0,0,0,0,0,vmlinux,native_set_fixmap,[Unknown],0xffffffff830d5280
native_set_pte,0,0,0,0,0,0,0,0,0,145088715,0,0,0,0,0,0,0,0,0,0,0,0,0,0,0,0,0,0,0,0,0,0,0,0,0,0,0,0,0,0,0,0,0,0,0,0,0,0,0,0,0,0,0,0,0,0,0,0,0,0,0,0,0,0,0,0,0,0,0,0,0,0,0,0,0,0,0,0,0,0,0,0,0,0,0,0,0,0,0,0,0,0,0,0,0,0,0,0,0,0,vmlinux,native_set_pte,[Unknown],0xffffffff830c45c0
native_write_msr,0,225000000,90000000,400000128,4836435,0,4836435,0,0,0,290177865,0,0,0,0,0,0,0,0,145089150,0,0,0,0,0,0,967258410,0,0,0,0,0,96725955,0,0,0,0,0,0,0,0,0,0,0,0,0,0,0,0,0,0,0,0,0,0,0,0,0,0,0,0,0,1320000000,1250000400,600000000,0,0,0,0,24182175,0,0,0,0,0,0,0,725445750,0,0,0,0,0,11897292465,0,0,0,0,0,0,0,0,0,0,0,0,0,0,24182175,0,vmlinux,native_write_msr,[Unknown],0xffffffff830c4b10
nmi_cpu_backtrace,0,30000000,15000000,50000016,0,0,0,0,0,0,0,0,0,0,0,0,0,0,0,96726100,0,0,0,0,0,0,0,0,0,0,0,0,0,0,0,0,0,0,0,0,0,0,0,0,0,0,0,0,0,0,0,0,0,0,0,0,0,0,0,0,0,0,0,0,0,0,0,0,0,0,0,0,0,0,0,0,0,0,0,0,0,0,0,0,0,0,0,0,0,0,0,0,0,0,0,0,0,0,0,0,vmlinux,nmi_cpu_backtrace,[Unknown],0xffffffff8417cfe0
nmi_cpu_backtrace_handler,0,0,0,0,0,0,0,0,0,0,96725955,0,0,0,0,0,0,0,0,193452200,0,0,0,0,0,0,0,0,0,0,0,0,0,0,0,0,0,0,0,0,0,0,0,0,0,0,0,0,0,0,0,0,0,0,0,0,0,0,0,0,0,0,0,0,0,0,0,0,0,0,0,0,0,0,0,0,0,0,0,0,0,0,0,0,0,0,0,0,0,0,0,0,0,0,0,0,0,0,0,0,vmlinux,nmi_cpu_backtrace_handler,[Unknown],0xffffffff830ad8b0
nmi_handle,0,0,0,100000032,9672870,4836435,4836435,0,0,0,96725955,0,0,0,0,0,0,0,0,145089150,48363050,0,0,0,0,0,483629205,0,0,48363050,0,48363050,0,0,0,0,0,0,0,0,0,0,0,0,0,0,0,0,0,0,0,0,0,0,0,0,0,0,0,0,0,0,0,0,0,0,0,0,0,48364350,0,0,0,0,0,0,0,0,0,0,0,0,0,0,0,0,0,0,0,0,0,0,0,0,0,0,0,0,0,0,vmlinux,nmi_handle,[Unknown],0xffffffff8305bbf0
nohz_balancer_kick,0,0,0,100000032,0,0,0,0,0,0,0,0,0,0,0,0,0,0,4836629,48363050,0,0,0,0,0,0,0,0,0,0,0,0,0,0,0,0,0,0,0,0,0,0,0,0,0,0,0,0,0,0,0,0,0,0,0,0,0,0,0,0,0,0,0,500000160,0,0,0,0,0,0,0,0,0,0,0,0,0,241815250,0,0,0,0,0,0,0,0,0,0,0,0,0,0,0,0,0,0,0,24183145,0,0,vmlinux,nohz_balancer_kick,[Unknown],0xffffffff83173330
perf_event_nmi_handler,0,45000000,0,100000032,0,0,0,0,0,0,96725955,0,0,0,0,0,0,0,0,193452200,0,0,0,0,0,0,0,0,0,0,0,0,0,0,0,0,0,0,0,0,0,0,0,0,0,0,0,0,0,0,0,0,0,0,0,0,0,0,0,0,0,0,0,0,0,0,0,0,0,0,0,0,0,0,0,0,0,0,0,0,0,0,0,0,0,0,0,0,0,0,0,0,0,0,0,0,0,0,0,0,vmlinux,perf_event_nmi_handler,[Unknown],0xffffffff8300d220
perf_event_task_tick,0,15000000,0,0,0,0,0,0,0,0,0,0,0,0,0,0,0,0,0,0,0,0,0,0,0,0,0,0,0,0,0,0,0,0,0,0,0,0,0,0,0,0,0,0,0,0,0,0,0,0,0,0,0,0,0,0,0,0,0,0,0,0,0,0,75000000,0,0,0,0,0,0,0,0,0,0,0,0,0,0,0,0,0,0,0,0,0,0,0,0,0,0,0,0,0,0,0,0,0,0,0,vmlinux,perf_event_task_tick,[Unknown],0xffffffff83394cd0
perf_rotate_context,0,0,0,100000032,0,4836435,0,0,0,0,0,0,0,0,0,0,0,0,0,0,0,0,0,0,0,0,0,0,0,0,0,0,0,0,0,0,0,0,0,0,0,0,0,0,0,0,0,0,0,0,0,0,0,0,0,0,0,0,0,0,0,0,0,500000160,0,0,0,0,0,0,0,0,0,0,0,0,0,0,0,0,0,0,0,0,0,0,0,0,0,0,0,0,0,82219395,0,0,0,0,0,0,vmlinux,perf_rotate_context,[Unknown],0xffffffff833972d0
perf_sample_event_took,0,0,0,0,0,0,0,4836435,0,0,0,0,0,0,0,0,0,0,0,0,0,0,0,0,0,0,0,0,0,0,0,0,0,0,0,0,0,0,0,0,0,0,0,0,0,0,0,0,0,0,0,0,0,0,0,0,0,0,0,0,0,0,0,0,0,0,0,0,0,0,0,0,0,0,0,0,0,0,0,0,0,0,0,0,0,0,0,0,0,0,0,0,0,0,0,0,0,0,0,0,vmlinux,perf_sample_event_took,[Unknown],0xffffffff83394970
post_alloc_hook,0,0,15000000,0,0,0,0,0,0,0,0,0,0,0,0,0,0,0,0,0,0,0,0,0,0,0,0,0,0,0,0,0,0,0,0,0,0,0,0,0,0,0,0,0,0,0,0,0,0,0,0,0,0,0,0,0,0,0,0,0,0,0,0,0,0,0,0,0,0,0,0,0,0,0,0,0,0,0,0,0,0,0,0,0,0,0,0,0,0,0,0,0,0,0,0,0,0,0,0,0,vmlinux,post_alloc_hook,[Unknown],0xffffffff834429f0
prep_compound_page,0,0,0,50000016,0,0,0,0,0,0,0,0,0,0,0,0,0,0,0,0,0,0,0,0,0,0,0,0,0,0,0,0,0,0,0,0,0,0,0,0,0,0,0,0,0,0,0,0,0,0,0,0,0,0,0,0,0,0,0,0,0,0,0,0,0,0,0,0,0,0,0,0,0,0,0,0,0,0,0,0,0,0,0,0,0,0,0,0,0,0,0,0,0,0,0,0,0,0,0,0,vmlinux,prep_compound_page,[Unknown],0xffffffff83442230
psi_group_change,0,0,0,0,0,0,0,0,0,0,0,0,0,0,0,0,0,0,0,0,48363050,0,0,0,0,0,0,0,0,0,0,0,0,0,0,0,0,0,0,0,0,0,0,0,0,0,0,0,0,0,0,0,0,0,0,0,0,0,0,0,0,0,0,0,0,0,0,0,0,0,0,0,0,0,0,0,241815250,0,0,0,0,0,0,0,0,0,0,0,0,0,0,0,0,0,0,0,0,0,0,0,vmlinux,psi_group_change,[Unknown],0xffffffff83187720
pv_native_get_debugreg,0,0,0,0,0,0,0,0,0,0,0,0,0,0,0,0,0,0,4836629,0,0,0,0,0,0,0,0,0,0,0,0,0,0,0,0,0,0,0,0,0,0,0,0,0,0,0,0,0,0,0,0,0,0,0,0,0,0,0,0,0,0,0,0,0,0,0,0,0,0,0,0,0,0,0,0,0,0,0,0,0,0,0,0,0,0,0,0,0,0,0,0,0,0,0,0,0,0,0,0,0,vmlinux,pv_native_get_debugreg,[Unknown],0xffffffff8420ee60
rb_insert_color,0,0,0,0,4836435,0,0,0,0,0,0,0,0,0,0,0,0,0,0,0,0,0,0,0,0,0,0,0,0,0,0,0,0,0,0,0,0,0,0,0,0,0,0,0,0,0,0,0,0,0,0,0,0,0,0,0,0,0,0,0,0,0,0,0,0,0,0,0,0,24182175,0,0,0,0,0,0,0,0,0,0,0,0,0,0,0,0,0,0,0,0,0,0,0,0,0,0,0,0,0,0,vmlinux,rb_insert_color,[Unknown],0xffffffff84180a40
rb_next,0,0,0,50000016,0,0,0,0,0,0,0,0,0,0,0,0,0,0,0,0,0,0,0,0,0,0,0,0,0,0,0,0,0,0,0,0,0,0,0,0,0,0,0,0,0,0,0,0,0,0,0,0,0,0,0,0,0,0,0,0,0,0,0,250000080,0,0,0,0,0,0,0,0,0,0,0,0,0,0,0,0,0,0,0,0,0,0,0,0,0,0,0,0,0,0,0,0,0,0,0,0,vmlinux,rb_next,[Unknown],0xffffffff84180d90
rcu_pending,0,0,0,0,0,0,0,0,0,0,0,0,0,0,0,0,0,0,0,0,48363050,0,0,0,0,0,0,0,0,0,0,0,0,0,0,0,0,0,0,0,0,0,0,0,0,0,0,0,0,0,0,0,0,0,0,0,0,0,0,0,0,0,0,0,0,0,0,0,0,0,0,0,0,0,0,0,241815250,0,0,0,0,0,0,0,0,0,0,0,0,0,0,0,0,0,0,0,0,0,0,0,vmlinux,rcu_pending,[Unknown],0xffffffff831d7c70
rcu_segcblist_ready_cbs,0,0,0,0,0,0,0,0,0,0,0,0,0,0,0,0,0,0,0,0,0,0,0,0,0,0,0,0,0,48363050,0,0,0,0,0,0,0,0,0,0,0,0,0,0,0,0,0,0,0,0,0,0,0,0,0,0,0,0,0,0,0,0,0,0,0,0,0,0,0,0,0,0,0,0,0,0,0,0,0,241815250,0,0,0,0,0,0,0,0,0,0,0,0,0,0,0,0,0,0,0,0,vmlinux,rcu_segcblist_ready_cbs,[Unknown],0xffffffff831de610
release_pages,0,0,0,50000016,0,0,0,0,0,0,0,0,0,0,0,0,0,0,0,0,0,0,0,0,0,0,0,0,0,0,0,0,0,0,0,0,0,0,0,0,0,0,0,0,0,0,0,0,0,0,0,0,0,0,0,0,0,0,0,0,0,0,0,0,0,0,0,0,0,0,0,0,0,0,0,0,0,0,0,0,0,0,0,0,0,0,0,0,0,0,0,0,0,0,0,0,0,0,0,0,vmlinux,release_pages,[Unknown],0xffffffff833c4ba0
rmqueue,0,0,15000000,0,0,0,0,0,0,0,0,0,0,0,0,0,0,0,0,0,0,0,0,0,0,0,0,0,0,0,0,0,0,0,0,0,0,0,0,0,0,0,0,0,0,0,0,0,0,0,0,0,0,0,0,0,0,0,0,0,0,0,0,0,0,0,0,0,0,0,0,0,0,0,0,0,0,0,0,0,0,0,0,0,0,0,0,0,0,0,0,0,0,0,0,0,0,0,0,0,vmlinux,rmqueue,[Unknown],0xffffffff83443ef0
rmqueue_bulk,0,0,0,50000016,0,0,0,0,0,0,0,0,0,0,0,0,0,0,0,0,48363050,0,0,0,0,0,0,0,0,0,0,0,0,0,0,0,0,0,0,0,0,0,0,0,0,0,0,0,0,0,0,0,0,0,0,0,0,0,0,0,0,0,0,0,0,0,0,0,0,0,0,0,0,0,0,0,0,0,0,0,0,0,0,0,0,0,0,0,0,0,0,0,0,0,0,0,0,0,0,0,vmlinux,rmqueue_bulk,[Unknown],0xffffffff83443490
run_posix_cpu_timers,0,15000000,0,100000032,0,0,0,0,0,0,0,0,0,0,0,0,0,0,0,48363050,0,0,0,0,0,0,0,0,0,0,0,0,0,0,0,0,0,0,0,0,0,0,0,0,0,0,0,0,0,0,0,0,0,0,0,0,0,0,0,0,0,0,0,500000160,75000000,0,0,0,0,0,0,0,0,0,0,0,0,241815250,0,0,0,0,0,0,0,0,0,0,0,0,0,0,0,0,0,0,0,0,0,0,vmlinux,run_posix_cpu_timers,[Unknown],0xffffffff83210b30
sched_clock,0,15000000,0,0,0,0,0,0,0,0,0,0,0,0,0,0,0,0,0,0,0,0,0,0,0,0,0,0,0,0,0,0,0,0,0,0,0,0,0,0,0,0,0,0,0,0,0,0,0,0,0,0,0,0,0,0,0,0,0,0,0,0,0,0,75000000,0,0,0,0,0,0,0,0,0,0,0,0,0,0,0,0,0,0,0,0,0,0,0,0,0,0,0,0,0,0,0,0,0,0,0,vmlinux,sched_clock,[Unknown],0xffffffff83066f00
sched_clock_cpu,0,15000000,0,0,0,0,0,0,0,0,0,0,0,0,0,0,0,0,0,0,0,0,0,0,0,0,0,0,0,0,0,0,0,0,0,0,0,0,0,0,0,0,0,0,0,0,0,0,0,0,0,0,0,0,0,0,0,0,0,0,0,0,0,0,75000000,0,0,0,0,0,0,0,0,0,0,0,0,0,0,0,0,0,0,0,0,0,0,0,0,0,0,0,0,0,0,0,0,0,0,0,vmlinux,sched_clock_cpu,[Unknown],0xffffffff8318bf40
set_pte_vaddr_p4d,0,0,0,0,0,4836435,0,0,0,0,0,0,0,0,0,0,0,0,0,0,0,0,0,0,0,0,0,0,0,0,0,0,0,0,0,0,0,0,0,0,0,0,0,0,0,0,0,0,0,0,0,0,0,0,0,0,0,0,0,0,0,0,0,0,0,0,0,0,0,0,0,0,0,0,0,0,0,0,0,0,0,0,0,0,0,0,0,0,0,0,0,0,0,0,0,0,0,0,0,0,vmlinux,set_pte_vaddr_p4d,[Unknown],0xffffffff830cffa0
std::chrono::_V2::system_clock::now,0,0,0,0,0,0,0,4836435,0,0,0,0,0,0,0,0,0,0,0,0,48363050,0,0,0,0,0,0,0,0,0,0,0,0,0,0,0,0,0,0,0,0,0,0,0,0,0,0,0,0,0,0,0,0,0,0,0,0,0,0,0,0,0,0,0,0,0,0,0,0,0,0,0,0,0,0,0,241815250,0,0,0,0,0,0,0,0,0,0,0,0,0,0,0,0,0,0,0,0,0,0,0,libstdc++.so.6.0.33,std::chrono::_V2::system_clock::now(void),[Unknown],0xdf910
sync_regs,0,0,45000000,100000032,0,4836435,0,0,0,0,0,0,0,14509305,0,0,0,0,0,145089150,96726100,0,0,0,0,0,0,0,0,48363050,0,0,0,0,0,0,0,0,0,0,0,0,0,0,0,0,0,0,0,0,0,0,0,0,0,0,0,0,0,0,0,0,18585000000,13450004304,0,0,0,0,0,0,0,0,0,0,0,0,241815250,5706839900,0,241815250,0,0,0,0,0,0,0,0,0,0,0,0,0,24182175,0,0,72546525,0,0,0,vmlinux,sync_regs,[Unknown],0xffffffff8420af50
task_mm_cid_work,0,0,15000000,0,0,0,0,0,0,0,0,96726100,0,0,0,0,0,0,0,0,96726100,0,0,0,0,0,0,0,0,0,96726100,96726100,0,48363050,0,0,0,0,0,0,0,0,0,0,0,0,0,0,0,0,0,0,0,0,48363050,0,0,0,0,0,0,0,75000000,0,0,0,5561750750,0,0,0,0,0,5803566000,0,0,0,483630500,0,0,0,0,483630500,483630500,0,241815250,0,0,0,0,0,0,0,0,0,0,0,0,0,0,0,vmlinux,task_mm_cid_work,[Unknown],0xffffffff8314ebd0
task_tick_mm_cid,0,0,0,0,0,0,0,0,0,0,0,0,0,0,0,0,0,0,0,48363050,48363050,0,0,0,0,0,0,0,0,0,0,0,0,0,0,0,0,0,0,0,0,0,0,0,0,0,0,0,0,0,0,0,0,0,0,0,0,0,0,0,0,0,0,0,0,0,0,0,0,0,0,0,0,0,0,0,241815250,241815250,0,0,0,0,0,0,0,0,0,0,0,0,0,0,0,0,0,0,0,0,0,0,vmlinux,task_tick_mm_cid,[Unknown],0xffffffff8315e1e0
tick_sched_do_timer,0,15000000,0,0,0,0,0,9672870,0,0,0,0,0,9672870,0,0,0,0,0,0,96726100,0,0,0,0,0,0,0,0,0,0,0,0,0,0,0,0,0,0,0,0,0,0,0,0,0,0,0,0,0,0,0,0,0,0,48363050,0,0,0,0,0,0,0,0,1920000000,0,0,6190470400,0,0,0,0,0,0,0,0,6093744300,0,0,0,0,0,0,0,0,0,0,0,48364350,0,0,0,0,0,0,0,48364350,0,0,0,vmlinux,tick_sched_do_timer,[Unknown],0xffffffff832171c0
tick_sched_handle,0,0,0,0,0,0,0,0,0,0,0,0,0,0,0,0,0,0,0,0,48363050,0,0,0,0,0,0,0,0,0,0,0,0,0,0,0,0,0,0,0,0,0,0,0,0,0,0,0,0,0,0,0,0,0,0,0,0,0,0,0,0,0,0,0,0,0,0,0,0,0,0,0,0,0,0,0,241815250,0,0,0,0,0,0,0,0,0,0,0,0,0,0,0,0,0,0,0,0,0,0,0,vmlinux,tick_sched_handle,[Unknown],0xffffffff83216970
timerqueue_add,0,15000000,0,0,0,0,0,0,0,0,0,0,0,0,0,0,0,0,0,0,0,0,0,0,0,0,0,0,0,0,0,0,0,0,0,0,0,0,0,0,0,0,0,0,0,0,0,0,0,0,0,0,0,0,0,0,0,0,0,0,0,0,0,0,75000000,0,0,0,0,0,0,0,0,0,0,0,0,0,0,0,0,0,0,0,0,0,0,0,0,0,0,0,0,0,0,0,0,0,0,0,vmlinux,timerqueue_add,[Unknown],0xffffffff84184010
try_charge_memcg,0,15000000,0,0,0,0,0,0,0,0,0,0,0,0,0,0,0,0,0,0,0,0,0,0,0,0,0,0,0,0,0,0,0,0,0,0,0,0,0,0,0,0,0,0,0,0,0,0,0,0,0,0,0,0,0,0,0,0,0,0,0,0,0,0,0,0,0,0,0,0,0,0,0,0,0,0,0,0,0,0,0,0,0,0,0,0,0,0,0,0,0,0,0,0,0,0,0,0,0,0,vmlinux,try_charge_memcg,[Unknown],0xffffffff834b5a70
uncharge_folio,0,0,0,50000016,0,0,0,0,0,0,0,0,0,0,0,0,0,0,0,0,0,0,0,0,0,0,0,0,0,0,0,0,0,0,0,0,0,0,0,0,0,0,0,0,0,0,0,0,0,0,0,0,0,0,0,0,0,0,0,0,0,0,0,0,0,0,0,0,0,0,0,0,0,0,0,0,0,0,0,0,0,0,0,0,0,0,0,0,0,0,0,0,0,0,0,0,0,0,0,0,vmlinux,uncharge_folio,[Unknown],0xffffffff834b3e40
up_read,0,0,15000000,0,0,0,0,0,0,0,0,0,0,0,0,0,0,0,0,0,0,0,0,0,0,0,0,0,0,0,0,0,0,0,0,0,0,0,0,0,0,0,0,0,0,0,0,0,0,0,0,0,0,0,0,0,0,0,0,0,0,0,0,0,0,0,0,0,0,0,0,0,0,0,0,0,0,0,0,0,0,0,0,0,0,0,0,0,0,0,0,0,0,0,0,0,0,0,0,0,vmlinux,up_read,[Unknown],0xffffffff8319bff0
update_curr,0,15000000,15000000,50000016,0,4836435,0,0,0,0,96725955,48363050,0,0,0,0,0,0,0,48363050,48363050,0,0,0,0,0,0,0,0,0,0,0,96725955,0,0,0,0,0,0,0,0,0,0,0,0,0,0,0,0,0,0,0,0,0,0,0,0,0,0,0,0,0,75000000,250000080,75000000,0,0,0,0,0,483629775,0,0,0,0,0,241815250,822171850,0,0,0,0,0,483629775,0,0,0,0,0,0,0,0,0,24182175,0,0,0,0,0,0,vmlinux,update_curr,[Unknown],0xffffffff83168810
update_curr_se,0,0,30000000,50000016,0,0,0,0,0,0,0,0,0,0,0,0,0,0,0,0,0,0,0,0,0,0,0,0,0,0,0,0,0,0,0,0,0,0,0,0,0,0,0,0,0,0,0,0,0,0,0,0,0,0,0,0,0,0,0,0,0,0,150000000,0,0,0,0,0,0,0,0,0,0,0,0,0,0,0,0,0,0,0,0,0,0,0,0,0,0,0,0,0,0,0,0,0,0,0,0,0,vmlinux,update_curr_se,[Unknown],0xffffffff831642b0
update_process_times,0,0,0,100000032,0,0,0,0,0,0,0,0,0,0,0,0,0,0,0,0,0,0,0,0,0,0,0,0,0,0,0,0,0,0,0,0,0,0,0,0,0,0,0,0,0,0,0,0,0,0,0,0,0,0,0,0,0,0,0,0,0,0,0,500000160,0,0,0,0,0,0,0,0,0,0,0,0,0,0,0,0,0,0,0,0,0,0,0,0,0,0,0,0,0,0,0,0,0,0,0,0,vmlinux,update_process_times,[Unknown],0xffffffff831fe480
update_rq_clock,0,0,0,0,0,4836435,0,4836435,0,0,0,0,0,0,0,0,0,0,0,48363050,0,0,0,0,0,0,0,0,0,0,0,0,0,0,0,0,0,0,0,0,0,0,0,0,0,0,0,0,0,0,0,0,0,0,0,0,0,0,0,0,0,0,0,0,0,0,0,0,0,0,0,0,0,0,0,0,0,241815250,0,0,0,0,0,0,0,0,0,0,24182175,0,0,0,0,24182175,0,0,0,0,0,0,vmlinux,update_rq_clock,[Unknown],0xffffffff83152570
update_sd_lb_stats.constprop.0,0,0,0,0,0,0,0,0,0,0,0,48363050,0,0,0,0,0,0,0,0,0,0,0,0,0,0,0,0,0,0,0,0,0,0,0,0,0,0,0,0,0,0,0,0,0,0,0,0,0,0,0,0,0,0,0,0,0,0,0,0,0,0,0,0,0,0,0,0,0,0,0,0,241815250,0,0,0,0,0,0,0,0,0,0,0,0,0,0,0,0,0,0,0,0,0,0,0,0,0,0,0,vmlinux,update_sd_lb_stats.constprop.0,[Unknown],0xffffffff83170f10
x86_pmu_disable,0,15000000,0,0,0,0,0,0,0,0,0,0,0,0,0,0,0,0,0,0,0,0,0,0,0,0,0,0,0,0,0,0,0,0,0,0,0,0,0,0,0,0,0,0,0,0,0,0,0,0,0,0,0,0,0,0,0,0,0,0,0,0,0,0,75000000,0,0,0,0,0,0,0,0,0,0,0,0,0,0,0,0,0,0,0,0,0,0,0,0,0,0,0,0,0,0,0,0,0,0,0,vmlinux,x86_pmu_disable,[Unknown],0xffffffff8300c1a0
xas_find,0,15000000,0,0,0,0,0,0,0,0,0,0,0,0,0,0,0,0,0,0,0,0,0,0,0,0,0,0,0,0,0,0,0,0,0,0,0,0,0,0,0,0,0,0,0,0,0,0,0,0,0,0,0,0,0,0,0,0,0,0,0,0,0,0,0,0,0,0,0,0,0,0,0,0,0,0,0,0,0,0,0,0,0,0,0,0,0,0,0,0,0,0,0,0,0,0,0,0,0,0,vmlinux,xas_find,[Unknown],0xffffffff8418cb30
xas_move_index,0,0,0,0,4836435,0,0,0,0,0,0,0,0,0,0,0,0,0,0,0,0,0,0,0,0,0,0,0,0,0,0,0,0,0,0,0,0,0,0,0,0,0,0,0,0,0,0,0,0,0,0,0,0,0,0,0,0,0,0,0,0,0,0,0,0,0,0,0,0,24182175,0,0,0,0,0,0,0,0,0,0,0,0,0,0,0,0,0,0,0,0,0,0,0,0,0,0,0,0,0,0,vmlinux,xas_move_index,[Unknown],0xffffffff8418bf90
zap_pte_range,0,0,15000000,0,0,0,0,0,0,0,0,0,0,0,0,0,0,0,0,0,0,0,0,0,0,0,0,0,0,0,0,0,0,0,0,0,0,0,0,0,0,0,0,0,0,0,0,0,0,0,0,0,0,0,0,0,0,0,0,0,0,0,0,0,0,0,0,0,0,0,0,0,0,0,0,0,0,0,0,0,0,0,0,0,0,0,0,0,0,0,0,0,0,0,0,0,0,0,0,0,vmlinux,zap_pte_range,[Unknown],0xffffffff83412890
